-- phpMyAdmin SQL Dump
-- version 4.5.2
-- http://www.phpmyadmin.net
--
-- Client :  127.0.0.1
-- Généré le :  Jeu 22 Septembre 2016 à 22:16
-- Version du serveur :  5.7.9
-- Version de PHP :  5.6.16

SET SQL_MODE = "NO_AUTO_VALUE_ON_ZERO";
SET time_zone = "+00:00";


/*!40101 SET @OLD_CHARACTER_SET_CLIENT=@@CHARACTER_SET_CLIENT */;
/*!40101 SET @OLD_CHARACTER_SET_RESULTS=@@CHARACTER_SET_RESULTS */;
/*!40101 SET @OLD_COLLATION_CONNECTION=@@COLLATION_CONNECTION */;
/*!40101 SET NAMES utf8mb4 */;

--
-- Base de données :  `fil_rouge`
--

-- --------------------------------------------------------

--
-- Structure de la table `acteur`
--

DROP TABLE IF EXISTS `acteur`;
CREATE TABLE IF NOT EXISTS `acteur` (
  `id` int(11) NOT NULL AUTO_INCREMENT,
  `auteur_proposition_id` int(11) DEFAULT NULL,
  `Nom` varchar(255) COLLATE utf8_unicode_ci NOT NULL,
  `Prenom` varchar(255) COLLATE utf8_unicode_ci NOT NULL,
  `Nationalite` varchar(255) COLLATE utf8_unicode_ci NOT NULL,
  `Date_naissance` datetime DEFAULT NULL,
  `url` varchar(255) COLLATE utf8_unicode_ci DEFAULT NULL,
  `valide` tinyint(1) NOT NULL,
  PRIMARY KEY (`id`),
  KEY `IDX_EAFAD3625E7250B` (`auteur_proposition_id`)
) ENGINE=InnoDB AUTO_INCREMENT=9 DEFAULT CHARSET=utf8 COLLATE=utf8_unicode_ci;

--
-- Contenu de la table `acteur`
--

INSERT INTO `acteur` (`id`, `auteur_proposition_id`, `Nom`, `Prenom`, `Nationalite`, `Date_naissance`, `url`, `valide`) VALUES
(1, 1, 'Coster-Waldau', 'Nikolaj', 'Americaine', '1970-07-21 00:00:00', 'http://cdn.wegotthiscovered.com/wp-content/uploads/Coster+Waldau+at+Mama+premiere+JPZdpmOnEWxl.jpg', 1),
(2, 2, 'Fimmel', 'Travis', 'Americaine', '1979-07-15 00:00:00', 'http://1.fwcdn.pl/ph/90/55/659055/553153_1.1.jpg', 1),
(3, 2, 'Helfer', 'Tricia', 'Americaine', '1974-04-11 00:00:00', 'https://upload.wikimedia.org/wikipedia/commons/1/11/Tricia_Helfer.jpg', 1),
(4, 2, 'Rami', 'Malek', 'Americaine', '1981-05-12 00:00:00', 'http://www.albawaba.com/sites/default/files/im/rami-malek-robot.jpg', 1),
(5, 2, 'Cranston', 'Bryan', 'Américaine', '1956-03-07 00:00:00', 'http://assets.potins.net/wp-content/uploads/2015/07/1436793306-8ba30a9e33d350abdec3f8c292a068a3.jpg', 1),
(6, 2, 'C. Hall', 'Michael', 'Americaine', '1971-02-11 00:00:00', 'https://www.picsofcelebrities.com/celebrity/michael-c-hall/pictures/large/michael-c-hall-2016.jpg', 1),
(7, 3, 'Walker', 'Eamoon', 'Americaine', '1959-09-15 00:00:00', 'http://articlebio.com/uploads/bio/eamonn-walker.jpg', 1),
(8, 2, 'Cavill', 'Henry', 'Britannique', '1983-05-03 00:00:00', 'http://ell.h-cdn.co/assets/16/07/1600x800/landscape-1455813161-elle-henrycavill.jpg', 1);

-- --------------------------------------------------------

--
-- Structure de la table `critique`
--

DROP TABLE IF EXISTS `critique`;
CREATE TABLE IF NOT EXISTS `critique` (
  `id` int(11) NOT NULL AUTO_INCREMENT,
  `serie_id` int(11) DEFAULT NULL,
  `auteur_id` int(11) DEFAULT NULL,
  `Contenu` longtext COLLATE utf8_unicode_ci NOT NULL,
  `Date_critique` datetime NOT NULL,
  `Note` int(11) NOT NULL,
  `Signale` tinyint(1) NOT NULL,
  PRIMARY KEY (`id`),
  KEY `IDX_1F950324D94388BD` (`serie_id`),
  KEY `IDX_1F95032460BB6FE6` (`auteur_id`)
) ENGINE=InnoDB AUTO_INCREMENT=18 DEFAULT CHARSET=utf8 COLLATE=utf8_unicode_ci;

--
-- Contenu de la table `critique`
--

INSERT INTO `critique` (`id`, `serie_id`, `auteur_id`, `Contenu`, `Date_critique`, `Note`, `Signale`) VALUES
(1, 1, 2, 'Une série pleine de rebondissements mais certains épisodes traînent en longueur.', '2016-09-22 20:06:29', -1, 0),
(2, 2, 3, 'Une immersion immédiate, des scène qui se succèdent, et nous captivent par la nouveauté qu''''apporte ces civilisations scandinaves méconnues du grand public', '2016-09-22 20:10:00', 2, 0),
(3, 3, 3, 'Série très originale et inventive qui nous plonge dans la face cachée d''''Internet', '2016-09-22 20:11:14', 5, 0),
(4, 4, 2, 'Une série ennuyeuse où il ne se passe pas grand chose. J''ai décroché à la fin de la saison 1.', '2016-09-22 20:13:26', 3, 0),
(5, 5, 2, 'Sombre, violente, passionnante, GRANDIOSE !!!', '2016-09-22 20:31:12', 3, 0),
(6, 6, 2, 'De toutes les idées originales ayant pu apparaître à la télévision ces derniers années, « Dexter » est peut-être la plus jubilatoire.', '2016-09-22 20:44:45', 3, 0),
(7, 1, 1, 'Une série sans grand intérêt. Je préfère largement les bouquins.', '2016-09-22 21:12:38', 2, 0),
(8, 2, 1, 'Je n''ai pas accroché aux personnages et à l''histoire. Dommage le postulat de départ était intéressant.', '2016-09-22 21:14:07', 4, 0),
(9, 4, 1, 'N''aimant pas du tout la science fiction, je pensais m''ennuyer devant cette série mais j''ai adoré le pilote et me suis empressée de dévorer les quatre saisons. L''une de mes séries favorites.', '2016-09-22 21:16:14', 2, 0),
(10, 1, 5, 'Une série nulle car Ned Stark est mort parce qu''il ne savait pas qu''il vivait à un moment donné depuis sa naissance.', '2016-09-22 21:21:11', 3, 0),
(11, 7, 5, 'Un concept intéressant mais série trop violente et trop glauque.', '2016-09-22 21:38:48', 3, 0),
(12, 3, 4, 'Excellente série où l''on suit les aventures passionnantes de ce jeune hacker.', '2016-09-22 21:48:37', 4, 0),
(13, 4, 4, 'Série totalement plombée par son acteur principal qui a oublié de prendre des leçons et qui joue vraiment comme un pied.', '2016-09-22 21:50:05', 3, 0),
(14, 7, 4, 'Une série réaliste et criante de vérité. Les métaphores racontées par le narrateur sur un ton ironique sont totalement jubilatoires.', '2016-09-22 21:51:50', 3, 0),
(15, 8, 4, 'Bof, je n''ai pas trop aimé l''ambiance générale de la série.', '2016-09-22 22:06:57', 1, 0),
(16, 8, 2, 'Les premières saisons sont convaincantes et plaisantes à regarder mais par la suite on a compris le principe, on retombe dans les mêmes histoires et l''originalité perd peu à peu son charme au fur et à mesure des saisons', '2016-09-22 22:11:23', 1, 0),
(17, 8, 3, 'Malheureusement, la série ne tient pas ces promesses. Scénario décevant, rythme soporifique, prestation inexistante, histoire invraisemblable, la série est devenue un véritable désastre au fil des épisodes.', '2016-09-22 22:13:28', 0, 0);

-- --------------------------------------------------------

--
-- Structure de la table `episode`
--

DROP TABLE IF EXISTS `episode`;
CREATE TABLE IF NOT EXISTS `episode` (
  `id` int(11) NOT NULL AUTO_INCREMENT,
  `saison_id` int(11) DEFAULT NULL,
  `auteur_proposition_id` int(11) DEFAULT NULL,
  `Titre` varchar(255) COLLATE utf8_unicode_ci NOT NULL,
  `Duree` time DEFAULT NULL,
  `Resume` longtext COLLATE utf8_unicode_ci,
  `Diffusions` longtext COLLATE utf8_unicode_ci,
  `valide` tinyint(1) NOT NULL,
  PRIMARY KEY (`id`),
  KEY `IDX_DDAA1CDAF965414C` (`saison_id`),
  KEY `IDX_DDAA1CDA5E7250B` (`auteur_proposition_id`)
) ENGINE=InnoDB AUTO_INCREMENT=13 DEFAULT CHARSET=utf8 COLLATE=utf8_unicode_ci;

--
-- Contenu de la table `episode`
--

INSERT INTO `episode` (`id`, `saison_id`, `auteur_proposition_id`, `Titre`, `Duree`, `Resume`, `Diffusions`, `valide`) VALUES
(1, 1, 1, 'Episode 1', NULL, NULL, NULL, 0),
(2, 1, 1, 'Winter Is Coming', '00:55:00', 'Eddard Stark, seigneur de Winterfell, apprend la mort de son ami Jon Arryn, Main du roi Robert Baratheon. Ce dernier prend alors la route vers Winterfell pour lui faire une proposition.', NULL, 0),
(3, 2, 2, 'Episode 1', NULL, NULL, NULL, 0),
(4, 2, 2, 'Rites of Passage', '00:55:00', 'Au temps des Vikings, le jeune Ragnar est persuadé qu''il pourrait trouver des richesses en se dirigeant vers l''est. Il propose à son frère Rollo de l''accompagner mais le comte Haraldson refuse catégoriquement d''envoyer des campagnes vers l''est.', NULL, 0),
(5, 3, 2, 'Episode 1', NULL, NULL, NULL, 0),
(6, 3, 2, 'eps1.0_hellofriend.mov', '00:55:00', 'Jeune informaticien, Elliot Alderson, travaille comme ingénieur dans la cybersécurité. Seulement, hors cadre du travail, Elliot, agit comme un cyber-justicier en piratant les comptes des gens qui l’entourent.', NULL, 0),
(7, 4, 2, 'Episode 1', NULL, NULL, NULL, 0),
(8, 4, 2, '33', '00:55:00', 'Après l''attaque des Cylons, la flotte des vaisseaux est pourchassée et doit effectuer des sauts dans l''espace toutes les 33 minutes afin d''échapper aux assaillants.', NULL, 0),
(9, 5, 2, 'Episode 1', NULL, NULL, NULL, 0),
(10, 6, 2, 'Episode 1', NULL, NULL, NULL, 0),
(11, 7, 5, 'Episode 1', NULL, NULL, NULL, 0),
(12, 8, 4, 'Episode 1', NULL, NULL, NULL, 0);

-- --------------------------------------------------------

--
-- Structure de la table `realisateur`
--

DROP TABLE IF EXISTS `realisateur`;
CREATE TABLE IF NOT EXISTS `realisateur` (
  `id` int(11) NOT NULL AUTO_INCREMENT,
  `Nom` varchar(255) COLLATE utf8_unicode_ci NOT NULL,
  PRIMARY KEY (`id`),
  UNIQUE KEY `UNIQ_47933EFE54231355` (`Nom`)
) ENGINE=InnoDB AUTO_INCREMENT=9 DEFAULT CHARSET=utf8 COLLATE=utf8_unicode_ci;

--
-- Contenu de la table `realisateur`
--

INSERT INTO `realisateur` (`id`, `Nom`) VALUES
(7, 'Darnell Martin'),
(2, 'Johan Renck'),
(6, 'Michael Cuesta'),
(4, 'Michael Rymer'),
(3, 'Niels Arden Oplev'),
(8, 'Steve Shill'),
(1, 'Timothy Van Patten'),
(5, 'Vince Gilligan');

-- --------------------------------------------------------

--
-- Structure de la table `role`
--

DROP TABLE IF EXISTS `role`;
CREATE TABLE IF NOT EXISTS `role` (
  `id` int(11) NOT NULL AUTO_INCREMENT,
  `acteur_id` int(11) DEFAULT NULL,
  `serie_id` int(11) DEFAULT NULL,
  `Nom` varchar(255) COLLATE utf8_unicode_ci NOT NULL,
  PRIMARY KEY (`id`),
  KEY `IDX_57698A6ADA6F574A` (`acteur_id`),
  KEY `IDX_57698A6AD94388BD` (`serie_id`)
) ENGINE=InnoDB DEFAULT CHARSET=utf8 COLLATE=utf8_unicode_ci;

-- --------------------------------------------------------

--
-- Structure de la table `saison`
--

DROP TABLE IF EXISTS `saison`;
CREATE TABLE IF NOT EXISTS `saison` (
  `id` int(11) NOT NULL AUTO_INCREMENT,
  `serie_id` int(11) DEFAULT NULL,
  `Denomination` varchar(255) COLLATE utf8_unicode_ci NOT NULL,
  PRIMARY KEY (`id`),
  KEY `IDX_C0D0D586D94388BD` (`serie_id`)
) ENGINE=InnoDB AUTO_INCREMENT=9 DEFAULT CHARSET=utf8 COLLATE=utf8_unicode_ci;

--
-- Contenu de la table `saison`
--

INSERT INTO `saison` (`id`, `serie_id`, `Denomination`) VALUES
(1, 1, 'Saison 1'),
(2, 2, 'Saison 1'),
(3, 3, 'Saison 1'),
(4, 4, 'Saison 1'),
(5, 5, 'Saison 1'),
(6, 6, 'Saison 1'),
(7, 7, 'Saison 1'),
(8, 8, 'Saison 1');

-- --------------------------------------------------------

--
-- Structure de la table `serie`
--

DROP TABLE IF EXISTS `serie`;
CREATE TABLE IF NOT EXISTS `serie` (
  `id` int(11) NOT NULL AUTO_INCREMENT,
  `realisateur_id` int(11) DEFAULT NULL,
  `auteur_proposition_id` int(11) DEFAULT NULL,
  `Titre` varchar(255) COLLATE utf8_unicode_ci NOT NULL,
  `Pays` varchar(255) COLLATE utf8_unicode_ci DEFAULT NULL,
  `Annee_debut` datetime DEFAULT NULL,
  `Status` varchar(255) COLLATE utf8_unicode_ci NOT NULL,
  `Notes` longtext COLLATE utf8_unicode_ci COMMENT '(DC2Type:array)',
  `Note_serie` int(11) DEFAULT NULL,
  `Synopsis` longtext COLLATE utf8_unicode_ci NOT NULL,
  `url` varchar(255) COLLATE utf8_unicode_ci DEFAULT NULL,
  `valide` tinyint(1) NOT NULL,
  PRIMARY KEY (`id`),
  KEY `IDX_AA3A9334F1D8422E` (`realisateur_id`),
  KEY `IDX_AA3A93345E7250B` (`auteur_proposition_id`)
) ENGINE=InnoDB AUTO_INCREMENT=9 DEFAULT CHARSET=utf8 COLLATE=utf8_unicode_ci;

--
-- Contenu de la table `serie`
--

INSERT INTO `serie` (`id`, `realisateur_id`, `auteur_proposition_id`, `Titre`, `Pays`, `Annee_debut`, `Status`, `Notes`, `Note_serie`, `Synopsis`, `url`, `valide`) VALUES
(1, 1, 1, 'Game of Thrones', 'Etats-Unis', '2011-01-01 00:00:00', 'En cours', 'a:3:{i:0;s:1:"5";i:1;s:1:"3";i:2;s:1:"0";}', 2, 'La série suit l’histoire des membres de plusieurs familles nobles, dans une guerre civile pour conquérir le Trône de Fer', 'http://www.wallpapermade.com/images/wallpapers/originals/game-of-thrones-ned-stark-on-the-iron-throne-wallpaper-3826.jpg', 1),
(2, 2, 2, 'Vikings', 'Etats-Unis', '2013-04-01 00:00:00', 'En cours', 'a:2:{i:0;s:1:"0";i:1;s:1:"3";}', 1, 'La série suit les exploits d''''un groupe de Vikings mené par Ragnar Lothbrok', 'http://www.100hdwallpapers.com/wallpapers/1920x1080/vikings_2013_tv_series-hd_wallpapers.jpg', 1),
(3, 3, 2, 'Mr.Robots', 'Etats-Unis', '2015-06-10 00:00:00', 'En cours', 'a:1:{i:0;s:1:"5";}', 5, 'Elliot, jeune programmeur, travaille le jour comme ingénieur dans la cybersécurité d''une grande entreprise et s''occupe la nuit à hacker diverses personnes. Seulement, un groupe à l''identité secrète cherche à le recruter pour hacker la société dans laquelle il travaille.', 'http://media.begeek.fr/2015/12/mr-robot.jpg', 1),
(4, 2, 2, 'Battlestar Galactica', 'Etats-Unis', '2011-03-09 00:00:00', 'Arrêtée', 'a:3:{i:0;s:1:"1";i:1;s:1:"3";i:2;s:1:"1";}', 1, 'Les Cylons, robots humanoïdes créés par les humains et dont ils sont devenus les ennemis jurés, ont complètement disparu de l''univers connu depuis la signature d''une trêve une quarantaine d''années plus tôt.', 'http://coulissesmedias.com/wp-content/uploads/2014/04/battlestar-galactica.jpg', 1),
(5, 2, 2, 'Breaking Bad', 'Etats-Unis', '2011-01-01 00:00:00', 'Arrêtée', 'a:2:{i:0;s:1:"5";i:1;s:1:"1";}', 3, 'La série se concentre sur Walter « Walt » White, un professeur de chimie sur-qualifié et père de famille, qui, ayant appris qu''il est atteint d''un cancer du poumon en phase terminale, sombre dans le crime pour assurer l''avenir financier de sa famille.', 'http://img1.gtsstatic.com/wallpapers/17eea31946aa8a8ca88903c68d63ed28_large.png', 1),
(6, 6, 2, 'Dexter', 'Etats-Unis', '2011-10-01 00:00:00', 'Arrêtée', 'a:1:{i:0;s:1:"2";}', 2, 'Expert en médecine légale spécialisé dans l''analyse de traces de sang dans la police le jour, tueur en série la nuit, Dexter Morgan ne tue que des criminels qui échappent au système judiciaire.', 'http://fansided.com/wp-content/blogs.dir/229/files/2013/09/dexter4.jpg', 1),
(7, 7, 5, 'Oz', 'Etats-Unis', '2011-05-05 00:00:00', 'Arrêtée', 'a:1:{i:0;s:1:"2";}', 2, 'À Emerald City, un quartier expérimental de la prison d''Oswald, où divers détenus réunis en divers clans sont en semi liberté à l''intérieur du bâtiment.', 'http://i80.servimg.com/u/f80/11/00/17/30/oz10.jpg', 1),
(8, 8, 4, 'Les Tudors', 'Etats-Unis', '2012-05-07 00:00:00', 'En cours', 'a:3:{i:0;s:1:"2";i:1;s:1:"2";i:2;s:1:"1";}', 1, 'La série raconte de manière romancée et librement adaptée de la vérité historique, la vie d''Henri VIII d''Angleterre, son règne et ses mariages successifs.', 'http://images.commeaucinema.com/galerie/big/144011_8d85218b4174e6fee6275180fa1a9086.jpg', 1);

-- --------------------------------------------------------

--
-- Structure de la table `utilisateur`
--

DROP TABLE IF EXISTS `utilisateur`;
CREATE TABLE IF NOT EXISTS `utilisateur` (
  `id` int(11) NOT NULL AUTO_INCREMENT,
  `username` varchar(180) COLLATE utf8_unicode_ci NOT NULL,
  `username_canonical` varchar(180) COLLATE utf8_unicode_ci NOT NULL,
  `email` varchar(180) COLLATE utf8_unicode_ci NOT NULL,
  `email_canonical` varchar(180) COLLATE utf8_unicode_ci NOT NULL,
  `enabled` tinyint(1) NOT NULL,
  `salt` varchar(255) COLLATE utf8_unicode_ci NOT NULL,
  `password` varchar(255) COLLATE utf8_unicode_ci NOT NULL,
  `last_login` datetime DEFAULT NULL,
  `locked` tinyint(1) NOT NULL,
  `expired` tinyint(1) NOT NULL,
  `expires_at` datetime DEFAULT NULL,
  `confirmation_token` varchar(255) COLLATE utf8_unicode_ci DEFAULT NULL,
  `password_requested_at` datetime DEFAULT NULL,
  `roles` longtext COLLATE utf8_unicode_ci NOT NULL COMMENT '(DC2Type:array)',
  `credentials_expired` tinyint(1) NOT NULL,
  `credentials_expire_at` datetime DEFAULT NULL,
  `Nom` varchar(255) COLLATE utf8_unicode_ci DEFAULT NULL,
  `Prenom` varchar(255) COLLATE utf8_unicode_ci DEFAULT NULL,
  `Mail` varchar(255) COLLATE utf8_unicode_ci DEFAULT NULL,
  `Date_naissance` datetime DEFAULT NULL,
  `Ville` varchar(255) COLLATE utf8_unicode_ci DEFAULT NULL,
  `Twitter` varchar(255) COLLATE utf8_unicode_ci DEFAULT NULL,
  `Facebook` varchar(255) COLLATE utf8_unicode_ci DEFAULT NULL,
  `Avatar` varchar(255) COLLATE utf8_unicode_ci DEFAULT NULL,
  `Signature` varchar(255) COLLATE utf8_unicode_ci DEFAULT NULL,
  `Description` longtext COLLATE utf8_unicode_ci,
  `activite` longtext COLLATE utf8_unicode_ci COMMENT '(DC2Type:array)',
  `Votes_critiques` longtext COLLATE utf8_unicode_ci COMMENT '(DC2Type:array)',
  `Votes_series` longtext COLLATE utf8_unicode_ci COMMENT '(DC2Type:array)',
  PRIMARY KEY (`id`),
  UNIQUE KEY `UNIQ_1D1C63B392FC23A8` (`username_canonical`),
  UNIQUE KEY `UNIQ_1D1C63B3A0D96FBF` (`email_canonical`),
  UNIQUE KEY `UNIQ_1D1C63B3C05FB297` (`confirmation_token`)
) ENGINE=InnoDB AUTO_INCREMENT=6 DEFAULT CHARSET=utf8 COLLATE=utf8_unicode_ci;

--
-- Contenu de la table `utilisateur`
--

INSERT INTO `utilisateur` (`id`, `username`, `username_canonical`, `email`, `email_canonical`, `enabled`, `salt`, `password`, `last_login`, `locked`, `expired`, `expires_at`, `confirmation_token`, `password_requested_at`, `roles`, `credentials_expired`, `credentials_expire_at`, `Nom`, `Prenom`, `Mail`, `Date_naissance`, `Ville`, `Twitter`, `Facebook`, `Avatar`, `Signature`, `Description`, `activite`, `Votes_critiques`, `Votes_series`) VALUES
(1, 'alesha', 'alesha', 'alesha.dixon@yahoo.fr', 'alesha.dixon@yahoo.fr', 1, 'a0z9lk7wnzks0gwkcgo8s8o4oc48so4', '$2y$13$a0z9lk7wnzks0gwkcgo8surmhYOFUHeCb5k9jbH/Ezvk4S9Cx5Q1.', '2016-09-22 21:11:31', 0, 0, NULL, NULL, NULL, 'a:2:{i:0;s:10:"ROLE_ADMIN";i:1;s:9:"ROLE_MODO";}', 0, NULL, 'Dixon', 'Alesha', 'alesha.dixon@yahoo.fr', '1978-07-18 00:00:00', 'Texas', 'alesha@twitter.com', 'alesha@facebook.com', 'http://67.media.tumblr.com/df25825610abdc4c0fa9cf8a4ecd1de8/tumblr_nug4rrCkHs1qambyvo10_1280.jpg', 'Alesha', 'Passionnée de série depuis toujours.', 'a:10:{i:0;a:3:{s:4:"type";s:8:"critique";s:5:"cible";O:25:"AppBundle\\Entity\\Critique":7:{s:29:"\0AppBundle\\Entity\\Critique\0id";i:9;s:34:"\0AppBundle\\Entity\\Critique\0contenu";s:194:"N''aimant pas du tout la science fiction, je pensais m''ennuyer devant cette série mais j''ai adoré le pilote et me suis empressée de dévorer les quatre saisons. L''une de mes séries favorites.";s:32:"\0AppBundle\\Entity\\Critique\0serie";O:22:"AppBundle\\Entity\\Serie":16:{s:26:"\0AppBundle\\Entity\\Serie\0id";i:4;s:29:"\0AppBundle\\Entity\\Serie\0titre";s:20:"Battlestar Galactica";s:28:"\0AppBundle\\Entity\\Serie\0pays";s:10:"Etats-Unis";s:34:"\0AppBundle\\Entity\\Serie\0anneeDebut";O:8:"DateTime":3:{s:4:"date";s:26:"2011-03-09 00:00:00.000000";s:13:"timezone_type";i:3;s:8:"timezone";s:3:"UTC";}s:30:"\0AppBundle\\Entity\\Serie\0status";s:8:"Arrêté";s:29:"\0AppBundle\\Entity\\Serie\0notes";a:1:{i:0;s:1:"1";}s:33:"\0AppBundle\\Entity\\Serie\0noteSerie";i:1;s:32:"\0AppBundle\\Entity\\Serie\0synopsis";s:214:"Les Cylons, robots humanoïdes créés par les humains et dont ils sont devenus les ennemis jurés, ont complètement disparu de l''univers connu depuis la signature d''une trêve une quarantaine d''années plus tôt.";s:31:"\0AppBundle\\Entity\\Serie\0abonnes";O:33:"Doctrine\\ORM\\PersistentCollection":2:{s:39:"\0Doctrine\\ORM\\PersistentCollection\0coll";O:43:"Doctrine\\Common\\Collections\\ArrayCollection":1:{s:53:"\0Doctrine\\Common\\Collections\\ArrayCollection\0elements";a:0:{}}s:46:"\0Doctrine\\ORM\\PersistentCollection\0initialized";b:0;}s:29:"\0AppBundle\\Entity\\Serie\0roles";O:33:"Doctrine\\ORM\\PersistentCollection":2:{s:39:"\0Doctrine\\ORM\\PersistentCollection\0coll";O:43:"Doctrine\\Common\\Collections\\ArrayCollection":1:{s:53:"\0Doctrine\\Common\\Collections\\ArrayCollection\0elements";a:0:{}}s:46:"\0Doctrine\\ORM\\PersistentCollection\0initialized";b:0;}s:35:"\0AppBundle\\Entity\\Serie\0realisateur";O:43:"Proxies\\__CG__\\AppBundle\\Entity\\Realisateur":4:{s:17:"__isInitialized__";b:0;s:32:"\0AppBundle\\Entity\\Realisateur\0id";i:2;s:33:"\0AppBundle\\Entity\\Realisateur\0nom";N;s:36:"\0AppBundle\\Entity\\Realisateur\0series";N;}s:31:"\0AppBundle\\Entity\\Serie\0saisons";O:33:"Doctrine\\ORM\\PersistentCollection":2:{s:39:"\0Doctrine\\ORM\\PersistentCollection\0coll";O:43:"Doctrine\\Common\\Collections\\ArrayCollection":1:{s:53:"\0Doctrine\\Common\\Collections\\ArrayCollection\0elements";a:0:{}}s:46:"\0Doctrine\\ORM\\PersistentCollection\0initialized";b:0;}s:33:"\0AppBundle\\Entity\\Serie\0critiques";O:33:"Doctrine\\ORM\\PersistentCollection":2:{s:39:"\0Doctrine\\ORM\\PersistentCollection\0coll";O:43:"Doctrine\\Common\\Collections\\ArrayCollection":1:{s:53:"\0Doctrine\\Common\\Collections\\ArrayCollection\0elements";a:1:{i:0;r:4;}}s:46:"\0Doctrine\\ORM\\PersistentCollection\0initialized";b:0;}s:41:"\0AppBundle\\Entity\\Serie\0auteurProposition";C:43:"Proxies\\__CG__\\AppBundle\\Entity\\Utilisateur":261:{a:13:{i:0;s:60:"$2y$13$kc7l8qicu40s8sowg08kwOsCUzvuBiioQeBE49uh4c.D.9x4RVU22";i:1;s:31:"kc7l8qicu40s8sowg08kwckok8c04kk";i:2;s:5:"stark";i:3;s:5:"stark";i:4;b:0;i:5;b:0;i:6;b:0;i:7;b:1;i:8;i:2;i:9;N;i:10;N;i:11;s:14:"stark@yahoo.fr";i:12;s:14:"stark@yahoo.fr";}}s:27:"\0AppBundle\\Entity\\Serie\0url";s:78:"http://coulissesmedias.com/wp-content/uploads/2014/04/battlestar-galactica.jpg";s:30:"\0AppBundle\\Entity\\Serie\0valide";b:1;}s:33:"\0AppBundle\\Entity\\Critique\0auteur";C:28:"AppBundle\\Entity\\Utilisateur":277:{a:13:{i:0;s:60:"$2y$13$a0z9lk7wnzks0gwkcgo8surmhYOFUHeCb5k9jbH/Ezvk4S9Cx5Q1.";i:1;s:31:"a0z9lk7wnzks0gwkcgo8s8o4oc48so4";i:2;s:6:"alesha";i:3;s:6:"alesha";i:4;b:0;i:5;b:0;i:6;b:0;i:7;b:1;i:8;i:1;i:9;N;i:10;N;i:11;s:21:"alesha.dixon@yahoo.fr";i:12;s:21:"alesha.dixon@yahoo.fr";}}s:39:"\0AppBundle\\Entity\\Critique\0dateCritique";O:8:"DateTime":3:{s:4:"date";s:26:"2016-09-22 21:16:14.000000";s:13:"timezone_type";i:3;s:8:"timezone";s:3:"UTC";}s:31:"\0AppBundle\\Entity\\Critique\0note";d:2.5;s:34:"\0AppBundle\\Entity\\Critique\0signale";b:0;}s:4:"date";O:8:"DateTime":3:{s:4:"date";s:26:"2016-09-22 21:16:14.000000";s:13:"timezone_type";i:3;s:8:"timezone";s:3:"UTC";}}i:1;a:3:{s:4:"type";s:10:"abonnement";s:5:"cible";O:22:"AppBundle\\Entity\\Serie":16:{s:26:"\0AppBundle\\Entity\\Serie\0id";i:4;s:29:"\0AppBundle\\Entity\\Serie\0titre";s:20:"Battlestar Galactica";s:28:"\0AppBundle\\Entity\\Serie\0pays";s:10:"Etats-Unis";s:34:"\0AppBundle\\Entity\\Serie\0anneeDebut";O:8:"DateTime":3:{s:4:"date";s:26:"2011-03-09 00:00:00.000000";s:13:"timezone_type";i:3;s:8:"timezone";s:3:"UTC";}s:30:"\0AppBundle\\Entity\\Serie\0status";s:8:"Arrêté";s:29:"\0AppBundle\\Entity\\Serie\0notes";a:1:{i:0;s:1:"1";}s:33:"\0AppBundle\\Entity\\Serie\0noteSerie";i:1;s:32:"\0AppBundle\\Entity\\Serie\0synopsis";s:214:"Les Cylons, robots humanoïdes créés par les humains et dont ils sont devenus les ennemis jurés, ont complètement disparu de l''univers connu depuis la signature d''une trêve une quarantaine d''années plus tôt.";s:31:"\0AppBundle\\Entity\\Serie\0abonnes";O:33:"Doctrine\\ORM\\PersistentCollection":2:{s:39:"\0Doctrine\\ORM\\PersistentCollection\0coll";O:43:"Doctrine\\Common\\Collections\\ArrayCollection":1:{s:53:"\0Doctrine\\Common\\Collections\\ArrayCollection\0elements";a:1:{i:0;C:28:"AppBundle\\Entity\\Utilisateur":277:{a:13:{i:0;s:60:"$2y$13$a0z9lk7wnzks0gwkcgo8surmhYOFUHeCb5k9jbH/Ezvk4S9Cx5Q1.";i:1;s:31:"a0z9lk7wnzks0gwkcgo8s8o4oc48so4";i:2;s:6:"alesha";i:3;s:6:"alesha";i:4;b:0;i:5;b:0;i:6;b:0;i:7;b:1;i:8;i:1;i:9;N;i:10;N;i:11;s:21:"alesha.dixon@yahoo.fr";i:12;s:21:"alesha.dixon@yahoo.fr";}}}}s:46:"\0Doctrine\\ORM\\PersistentCollection\0initialized";b:0;}s:29:"\0AppBundle\\Entity\\Serie\0roles";O:33:"Doctrine\\ORM\\PersistentCollection":2:{s:39:"\0Doctrine\\ORM\\PersistentCollection\0coll";O:43:"Doctrine\\Common\\Collections\\ArrayCollection":1:{s:53:"\0Doctrine\\Common\\Collections\\ArrayCollection\0elements";a:0:{}}s:46:"\0Doctrine\\ORM\\PersistentCollection\0initialized";b:0;}s:35:"\0AppBundle\\Entity\\Serie\0realisateur";O:43:"Proxies\\__CG__\\AppBundle\\Entity\\Realisateur":4:{s:17:"__isInitialized__";b:0;s:32:"\0AppBundle\\Entity\\Realisateur\0id";i:2;s:33:"\0AppBundle\\Entity\\Realisateur\0nom";N;s:36:"\0AppBundle\\Entity\\Realisateur\0series";N;}s:31:"\0AppBundle\\Entity\\Serie\0saisons";O:33:"Doctrine\\ORM\\PersistentCollection":2:{s:39:"\0Doctrine\\ORM\\PersistentCollection\0coll";O:43:"Doctrine\\Common\\Collections\\ArrayCollection":1:{s:53:"\0Doctrine\\Common\\Collections\\ArrayCollection\0elements";a:0:{}}s:46:"\0Doctrine\\ORM\\PersistentCollection\0initialized";b:0;}s:33:"\0AppBundle\\Entity\\Serie\0critiques";O:33:"Doctrine\\ORM\\PersistentCollection":2:{s:39:"\0Doctrine\\ORM\\PersistentCollection\0coll";O:43:"Doctrine\\Common\\Collections\\ArrayCollection":1:{s:53:"\0Doctrine\\Common\\Collections\\ArrayCollection\0elements";a:0:{}}s:46:"\0Doctrine\\ORM\\PersistentCollection\0initialized";b:0;}s:41:"\0AppBundle\\Entity\\Serie\0auteurProposition";C:43:"Proxies\\__CG__\\AppBundle\\Entity\\Utilisateur":261:{a:13:{i:0;s:60:"$2y$13$kc7l8qicu40s8sowg08kwOsCUzvuBiioQeBE49uh4c.D.9x4RVU22";i:1;s:31:"kc7l8qicu40s8sowg08kwckok8c04kk";i:2;s:5:"stark";i:3;s:5:"stark";i:4;b:0;i:5;b:0;i:6;b:0;i:7;b:1;i:8;i:2;i:9;N;i:10;N;i:11;s:14:"stark@yahoo.fr";i:12;s:14:"stark@yahoo.fr";}}s:27:"\0AppBundle\\Entity\\Serie\0url";s:78:"http://coulissesmedias.com/wp-content/uploads/2014/04/battlestar-galactica.jpg";s:30:"\0AppBundle\\Entity\\Serie\0valide";b:1;}s:4:"date";O:8:"DateTime":3:{s:4:"date";s:26:"2016-09-22 21:14:55.000000";s:13:"timezone_type";i:3;s:8:"timezone";s:3:"UTC";}}i:2;a:3:{s:4:"type";s:8:"critique";s:5:"cible";O:25:"AppBundle\\Entity\\Critique":7:{s:29:"\0AppBundle\\Entity\\Critique\0id";i:8;s:34:"\0AppBundle\\Entity\\Critique\0contenu";s:107:"Je n''ai pas accroché aux personnages et à l''histoire. Dommage le postulat de départ était intéressant.";s:32:"\0AppBundle\\Entity\\Critique\0serie";O:22:"AppBundle\\Entity\\Serie":16:{s:26:"\0AppBundle\\Entity\\Serie\0id";i:2;s:29:"\0AppBundle\\Entity\\Serie\0titre";s:7:"Vikings";s:28:"\0AppBundle\\Entity\\Serie\0pays";s:10:"Etats-Unis";s:34:"\0AppBundle\\Entity\\Serie\0anneeDebut";O:8:"DateTime":3:{s:4:"date";s:26:"2013-04-01 00:00:00.000000";s:13:"timezone_type";i:3;s:8:"timezone";s:3:"UTC";}s:30:"\0AppBundle\\Entity\\Serie\0status";s:8:"En cours";s:29:"\0AppBundle\\Entity\\Serie\0notes";a:2:{i:0;s:1:"0";i:1;s:1:"3";}s:33:"\0AppBundle\\Entity\\Serie\0noteSerie";i:1;s:32:"\0AppBundle\\Entity\\Serie\0synopsis";s:77:"La série suit les exploits d''''un groupe de Vikings mené par Ragnar Lothbrok";s:31:"\0AppBundle\\Entity\\Serie\0abonnes";O:33:"Doctrine\\ORM\\PersistentCollection":2:{s:39:"\0Doctrine\\ORM\\PersistentCollection\0coll";O:43:"Doctrine\\Common\\Collections\\ArrayCollection":1:{s:53:"\0Doctrine\\Common\\Collections\\ArrayCollection\0elements";a:0:{}}s:46:"\0Doctrine\\ORM\\PersistentCollection\0initialized";b:0;}s:29:"\0AppBundle\\Entity\\Serie\0roles";O:33:"Doctrine\\ORM\\PersistentCollection":2:{s:39:"\0Doctrine\\ORM\\PersistentCollection\0coll";O:43:"Doctrine\\Common\\Collections\\ArrayCollection":1:{s:53:"\0Doctrine\\Common\\Collections\\ArrayCollection\0elements";a:0:{}}s:46:"\0Doctrine\\ORM\\PersistentCollection\0initialized";b:0;}s:35:"\0AppBundle\\Entity\\Serie\0realisateur";O:43:"Proxies\\__CG__\\AppBundle\\Entity\\Realisateur":4:{s:17:"__isInitialized__";b:0;s:32:"\0AppBundle\\Entity\\Realisateur\0id";i:2;s:33:"\0AppBundle\\Entity\\Realisateur\0nom";N;s:36:"\0AppBundle\\Entity\\Realisateur\0series";N;}s:31:"\0AppBundle\\Entity\\Serie\0saisons";O:33:"Doctrine\\ORM\\PersistentCollection":2:{s:39:"\0Doctrine\\ORM\\PersistentCollection\0coll";O:43:"Doctrine\\Common\\Collections\\ArrayCollection":1:{s:53:"\0Doctrine\\Common\\Collections\\ArrayCollection\0elements";a:0:{}}s:46:"\0Doctrine\\ORM\\PersistentCollection\0initialized";b:0;}s:33:"\0AppBundle\\Entity\\Serie\0critiques";O:33:"Doctrine\\ORM\\PersistentCollection":2:{s:39:"\0Doctrine\\ORM\\PersistentCollection\0coll";O:43:"Doctrine\\Common\\Collections\\ArrayCollection":1:{s:53:"\0Doctrine\\Common\\Collections\\ArrayCollection\0elements";a:1:{i:0;r:158;}}s:46:"\0Doctrine\\ORM\\PersistentCollection\0initialized";b:0;}s:41:"\0AppBundle\\Entity\\Serie\0auteurProposition";C:43:"Proxies\\__CG__\\AppBundle\\Entity\\Utilisateur":261:{a:13:{i:0;s:60:"$2y$13$kc7l8qicu40s8sowg08kwOsCUzvuBiioQeBE49uh4c.D.9x4RVU22";i:1;s:31:"kc7l8qicu40s8sowg08kwckok8c04kk";i:2;s:5:"stark";i:3;s:5:"stark";i:4;b:0;i:5;b:0;i:6;b:0;i:7;b:1;i:8;i:2;i:9;N;i:10;N;i:11;s:14:"stark@yahoo.fr";i:12;s:14:"stark@yahoo.fr";}}s:27:"\0AppBundle\\Entity\\Serie\0url";s:92:"http://www.100hdwallpapers.com/wallpapers/1920x1080/vikings_2013_tv_series-hd_wallpapers.jpg";s:30:"\0AppBundle\\Entity\\Serie\0valide";b:1;}s:33:"\0AppBundle\\Entity\\Critique\0auteur";C:28:"AppBundle\\Entity\\Utilisateur":277:{a:13:{i:0;s:60:"$2y$13$a0z9lk7wnzks0gwkcgo8surmhYOFUHeCb5k9jbH/Ezvk4S9Cx5Q1.";i:1;s:31:"a0z9lk7wnzks0gwkcgo8s8o4oc48so4";i:2;s:6:"alesha";i:3;s:6:"alesha";i:4;b:0;i:5;b:0;i:6;b:0;i:7;b:1;i:8;i:1;i:9;N;i:10;N;i:11;s:21:"alesha.dixon@yahoo.fr";i:12;s:21:"alesha.dixon@yahoo.fr";}}s:39:"\0AppBundle\\Entity\\Critique\0dateCritique";O:8:"DateTime":3:{s:4:"date";s:26:"2016-09-22 21:14:07.000000";s:13:"timezone_type";i:3;s:8:"timezone";s:3:"UTC";}s:31:"\0AppBundle\\Entity\\Critique\0note";d:2.5;s:34:"\0AppBundle\\Entity\\Critique\0signale";b:0;}s:4:"date";O:8:"DateTime":3:{s:4:"date";s:26:"2016-09-22 21:14:07.000000";s:13:"timezone_type";i:3;s:8:"timezone";s:3:"UTC";}}i:3;a:3:{s:4:"type";s:8:"critique";s:5:"cible";O:25:"AppBundle\\Entity\\Critique":7:{s:29:"\0AppBundle\\Entity\\Critique\0id";i:7;s:34:"\0AppBundle\\Entity\\Critique\0contenu";s:69:"Une série sans grand intérêt. Je préfère largement les bouquins.";s:32:"\0AppBundle\\Entity\\Critique\0serie";O:22:"AppBundle\\Entity\\Serie":16:{s:26:"\0AppBundle\\Entity\\Serie\0id";i:1;s:29:"\0AppBundle\\Entity\\Serie\0titre";s:15:"Game of Thrones";s:28:"\0AppBundle\\Entity\\Serie\0pays";s:10:"Etats-Unis";s:34:"\0AppBundle\\Entity\\Serie\0anneeDebut";O:8:"DateTime":3:{s:4:"date";s:26:"2011-01-01 00:00:00.000000";s:13:"timezone_type";i:3;s:8:"timezone";s:3:"UTC";}s:30:"\0AppBundle\\Entity\\Serie\0status";s:8:"En cours";s:29:"\0AppBundle\\Entity\\Serie\0notes";a:2:{i:0;s:1:"5";i:1;s:1:"3";}s:33:"\0AppBundle\\Entity\\Serie\0noteSerie";i:4;s:32:"\0AppBundle\\Entity\\Serie\0synopsis";s:125:"La série suit l’histoire des membres de plusieurs familles nobles, dans une guerre civile pour conquérir le Trône de Fer";s:31:"\0AppBundle\\Entity\\Serie\0abonnes";O:33:"Doctrine\\ORM\\PersistentCollection":2:{s:39:"\0Doctrine\\ORM\\PersistentCollection\0coll";O:43:"Doctrine\\Common\\Collections\\ArrayCollection":1:{s:53:"\0Doctrine\\Common\\Collections\\ArrayCollection\0elements";a:0:{}}s:46:"\0Doctrine\\ORM\\PersistentCollection\0initialized";b:0;}s:29:"\0AppBundle\\Entity\\Serie\0roles";O:33:"Doctrine\\ORM\\PersistentCollection":2:{s:39:"\0Doctrine\\ORM\\PersistentCollection\0coll";O:43:"Doctrine\\Common\\Collections\\ArrayCollection":1:{s:53:"\0Doctrine\\Common\\Collections\\ArrayCollection\0elements";a:0:{}}s:46:"\0Doctrine\\ORM\\PersistentCollection\0initialized";b:0;}s:35:"\0AppBundle\\Entity\\Serie\0realisateur";O:43:"Proxies\\__CG__\\AppBundle\\Entity\\Realisateur":4:{s:17:"__isInitialized__";b:0;s:32:"\0AppBundle\\Entity\\Realisateur\0id";i:1;s:33:"\0AppBundle\\Entity\\Realisateur\0nom";N;s:36:"\0AppBundle\\Entity\\Realisateur\0series";N;}s:31:"\0AppBundle\\Entity\\Serie\0saisons";O:33:"Doctrine\\ORM\\PersistentCollection":2:{s:39:"\0Doctrine\\ORM\\PersistentCollection\0coll";O:43:"Doctrine\\Common\\Collections\\ArrayCollection":1:{s:53:"\0Doctrine\\Common\\Collections\\ArrayCollection\0elements";a:0:{}}s:46:"\0Doctrine\\ORM\\PersistentCollection\0initialized";b:0;}s:33:"\0AppBundle\\Entity\\Serie\0critiques";O:33:"Doctrine\\ORM\\PersistentCollection":2:{s:39:"\0Doctrine\\ORM\\PersistentCollection\0coll";O:43:"Doctrine\\Common\\Collections\\ArrayCollection":1:{s:53:"\0Doctrine\\Common\\Collections\\ArrayCollection\0elements";a:1:{i:0;r:241;}}s:46:"\0Doctrine\\ORM\\PersistentCollection\0initialized";b:0;}s:41:"\0AppBundle\\Entity\\Serie\0auteurProposition";C:28:"AppBundle\\Entity\\Utilisateur":277:{a:13:{i:0;s:60:"$2y$13$a0z9lk7wnzks0gwkcgo8surmhYOFUHeCb5k9jbH/Ezvk4S9Cx5Q1.";i:1;s:31:"a0z9lk7wnzks0gwkcgo8s8o4oc48so4";i:2;s:6:"alesha";i:3;s:6:"alesha";i:4;b:0;i:5;b:0;i:6;b:0;i:7;b:1;i:8;i:1;i:9;N;i:10;N;i:11;s:21:"alesha.dixon@yahoo.fr";i:12;s:21:"alesha.dixon@yahoo.fr";}}s:27:"\0AppBundle\\Entity\\Serie\0url";s:120:"http://www.wallpapermade.com/images/wallpapers/originals/game-of-thrones-ned-stark-on-the-iron-throne-wallpaper-3826.jpg";s:30:"\0AppBundle\\Entity\\Serie\0valide";b:1;}s:33:"\0AppBundle\\Entity\\Critique\0auteur";r:280;s:39:"\0AppBundle\\Entity\\Critique\0dateCritique";O:8:"DateTime":3:{s:4:"date";s:26:"2016-09-22 21:12:38.000000";s:13:"timezone_type";i:3;s:8:"timezone";s:3:"UTC";}s:31:"\0AppBundle\\Entity\\Critique\0note";d:2.5;s:34:"\0AppBundle\\Entity\\Critique\0signale";b:0;}s:4:"date";O:8:"DateTime":3:{s:4:"date";s:26:"2016-09-22 21:12:38.000000";s:13:"timezone_type";i:3;s:8:"timezone";s:3:"UTC";}}i:4;a:3:{s:4:"type";s:10:"visionnage";s:5:"cible";O:24:"AppBundle\\Entity\\Episode":9:{s:28:"\0AppBundle\\Entity\\Episode\0id";i:2;s:31:"\0AppBundle\\Entity\\Episode\0titre";s:16:"Winter Is Coming";s:31:"\0AppBundle\\Entity\\Episode\0duree";O:8:"DateTime":3:{s:4:"date";s:26:"1970-01-01 00:55:00.000000";s:13:"timezone_type";i:3;s:8:"timezone";s:3:"UTC";}s:32:"\0AppBundle\\Entity\\Episode\0resume";s:185:"Eddard Stark, seigneur de Winterfell, apprend la mort de son ami Jon Arryn, Main du roi Robert Baratheon. Ce dernier prend alors la route vers Winterfell pour lui faire une proposition.";s:36:"\0AppBundle\\Entity\\Episode\0diffusions";N;s:32:"\0AppBundle\\Entity\\Episode\0saison";O:23:"AppBundle\\Entity\\Saison":4:{s:27:"\0AppBundle\\Entity\\Saison\0id";i:1;s:37:"\0AppBundle\\Entity\\Saison\0denomination";s:8:"Saison 1";s:30:"\0AppBundle\\Entity\\Saison\0serie";O:37:"Proxies\\__CG__\\AppBundle\\Entity\\Serie":17:{s:17:"__isInitialized__";b:0;s:26:"\0AppBundle\\Entity\\Serie\0id";i:1;s:29:"\0AppBundle\\Entity\\Serie\0titre";N;s:28:"\0AppBundle\\Entity\\Serie\0pays";N;s:34:"\0AppBundle\\Entity\\Serie\0anneeDebut";N;s:30:"\0AppBundle\\Entity\\Serie\0status";N;s:29:"\0AppBundle\\Entity\\Serie\0notes";N;s:33:"\0AppBundle\\Entity\\Serie\0noteSerie";N;s:32:"\0AppBundle\\Entity\\Serie\0synopsis";N;s:31:"\0AppBundle\\Entity\\Serie\0abonnes";N;s:29:"\0AppBundle\\Entity\\Serie\0roles";N;s:35:"\0AppBundle\\Entity\\Serie\0realisateur";N;s:31:"\0AppBundle\\Entity\\Serie\0saisons";N;s:33:"\0AppBundle\\Entity\\Serie\0critiques";N;s:41:"\0AppBundle\\Entity\\Serie\0auteurProposition";N;s:27:"\0AppBundle\\Entity\\Serie\0url";N;s:30:"\0AppBundle\\Entity\\Serie\0valide";N;}s:33:"\0AppBundle\\Entity\\Saison\0episodes";O:33:"Doctrine\\ORM\\PersistentCollection":2:{s:39:"\0Doctrine\\ORM\\PersistentCollection\0coll";O:43:"Doctrine\\Common\\Collections\\ArrayCollection":1:{s:53:"\0Doctrine\\Common\\Collections\\ArrayCollection\0elements";a:1:{i:0;r:310;}}s:46:"\0Doctrine\\ORM\\PersistentCollection\0initialized";b:0;}}s:43:"\0AppBundle\\Entity\\Episode\0auteurProposition";C:28:"AppBundle\\Entity\\Utilisateur":277:{a:13:{i:0;s:60:"$2y$13$a0z9lk7wnzks0gwkcgo8surmhYOFUHeCb5k9jbH/Ezvk4S9Cx5Q1.";i:1;s:31:"a0z9lk7wnzks0gwkcgo8s8o4oc48so4";i:2;s:6:"alesha";i:3;s:6:"alesha";i:4;b:0;i:5;b:0;i:6;b:0;i:7;b:1;i:8;i:1;i:9;N;i:10;N;i:11;s:21:"alesha.dixon@yahoo.fr";i:12;s:21:"alesha.dixon@yahoo.fr";}}s:33:"\0AppBundle\\Entity\\Episode\0viewers";N;s:32:"\0AppBundle\\Entity\\Episode\0valide";b:0;}s:4:"date";O:8:"DateTime":3:{s:4:"date";s:26:"2016-09-22 19:13:52.000000";s:13:"timezone_type";i:3;s:8:"timezone";s:3:"UTC";}}i:5;a:3:{s:4:"type";s:7:"episode";s:5:"cible";r:310;s:4:"date";O:8:"DateTime":3:{s:4:"date";s:26:"2016-09-22 19:13:52.000000";s:13:"timezone_type";i:3;s:8:"timezone";s:3:"UTC";}}i:6;a:3:{s:4:"type";s:6:"acteur";s:5:"cible";O:23:"AppBundle\\Entity\\Acteur":10:{s:27:"\0AppBundle\\Entity\\Acteur\0id";i:1;s:28:"\0AppBundle\\Entity\\Acteur\0nom";s:13:"Coster-Waldau";s:31:"\0AppBundle\\Entity\\Acteur\0prenom";s:7:"Nikolaj";s:30:"\0AppBundle\\Entity\\Acteur\0roles";N;s:36:"\0AppBundle\\Entity\\Acteur\0nationalite";s:10:"Americaine";s:38:"\0AppBundle\\Entity\\Acteur\0dateNaissance";O:8:"DateTime":3:{s:4:"date";s:26:"1970-07-21 00:00:00.000000";s:13:"timezone_type";i:3;s:8:"timezone";s:3:"UTC";}s:42:"\0AppBundle\\Entity\\Acteur\0auteurProposition";C:28:"AppBundle\\Entity\\Utilisateur":277:{a:13:{i:0;s:60:"$2y$13$a0z9lk7wnzks0gwkcgo8surmhYOFUHeCb5k9jbH/Ezvk4S9Cx5Q1.";i:1;s:31:"a0z9lk7wnzks0gwkcgo8s8o4oc48so4";i:2;s:6:"alesha";i:3;s:6:"alesha";i:4;b:0;i:5;b:0;i:6;b:0;i:7;b:1;i:8;i:1;i:9;N;i:10;N;i:11;s:21:"alesha.dixon@yahoo.fr";i:12;s:21:"alesha.dixon@yahoo.fr";}}s:28:"\0AppBundle\\Entity\\Acteur\0url";s:98:"http://cdn.wegotthiscovered.com/wp-content/uploads/Coster+Waldau+at+Mama+premiere+JPZdpmOnEWxl.jpg";s:31:"\0AppBundle\\Entity\\Acteur\0valide";b:0;s:10:"nomComplet";s:21:"Coster-Waldau Nikolaj";}s:4:"date";O:8:"DateTime":3:{s:4:"date";s:26:"2016-09-22 19:10:36.000000";s:13:"timezone_type";i:3;s:8:"timezone";s:3:"UTC";}}i:7;a:3:{s:4:"type";s:5:"serie";s:5:"cible";O:22:"AppBundle\\Entity\\Serie":16:{s:26:"\0AppBundle\\Entity\\Serie\0id";i:1;s:29:"\0AppBundle\\Entity\\Serie\0titre";s:15:"Game of Thrones";s:28:"\0AppBundle\\Entity\\Serie\0pays";s:10:"Etats-Unis";s:34:"\0AppBundle\\Entity\\Serie\0anneeDebut";O:8:"DateTime":3:{s:4:"date";s:26:"2011-01-01 00:00:00.000000";s:13:"timezone_type";i:3;s:8:"timezone";s:3:"UTC";}s:30:"\0AppBundle\\Entity\\Serie\0status";s:8:"En cours";s:29:"\0AppBundle\\Entity\\Serie\0notes";a:0:{}s:33:"\0AppBundle\\Entity\\Serie\0noteSerie";i:0;s:32:"\0AppBundle\\Entity\\Serie\0synopsis";s:125:"La série suit l’histoire des membres de plusieurs familles nobles, dans une guerre civile pour conquérir le Trône de Fer";s:31:"\0AppBundle\\Entity\\Serie\0abonnes";N;s:29:"\0AppBundle\\Entity\\Serie\0roles";N;s:35:"\0AppBundle\\Entity\\Serie\0realisateur";O:28:"AppBundle\\Entity\\Realisateur":3:{s:32:"\0AppBundle\\Entity\\Realisateur\0id";i:1;s:33:"\0AppBundle\\Entity\\Realisateur\0nom";s:18:"Timothy Van Patten";s:36:"\0AppBundle\\Entity\\Realisateur\0series";O:33:"Doctrine\\ORM\\PersistentCollection":2:{s:39:"\0Doctrine\\ORM\\PersistentCollection\0coll";O:43:"Doctrine\\Common\\Collections\\ArrayCollection":1:{s:53:"\0Doctrine\\Common\\Collections\\ArrayCollection\0elements";a:1:{i:0;r:409;}}s:46:"\0Doctrine\\ORM\\PersistentCollection\0initialized";b:0;}}s:31:"\0AppBundle\\Entity\\Serie\0saisons";O:33:"Doctrine\\ORM\\PersistentCollection":2:{s:39:"\0Doctrine\\ORM\\PersistentCollection\0coll";O:43:"Doctrine\\Common\\Collections\\ArrayCollection":1:{s:53:"\0Doctrine\\Common\\Collections\\ArrayCollection\0elements";a:1:{i:0;O:23:"AppBundle\\Entity\\Saison":4:{s:27:"\0AppBundle\\Entity\\Saison\0id";i:1;s:37:"\0AppBundle\\Entity\\Saison\0denomination";s:8:"Saison 1";s:30:"\0AppBundle\\Entity\\Saison\0serie";r:409;s:33:"\0AppBundle\\Entity\\Saison\0episodes";O:33:"Doctrine\\ORM\\PersistentCollection":2:{s:39:"\0Doctrine\\ORM\\PersistentCollection\0coll";O:43:"Doctrine\\Common\\Collections\\ArrayCollection":1:{s:53:"\0Doctrine\\Common\\Collections\\ArrayCollection\0elements";a:1:{i:0;O:24:"AppBundle\\Entity\\Episode":9:{s:28:"\0AppBundle\\Entity\\Episode\0id";i:1;s:31:"\0AppBundle\\Entity\\Episode\0titre";s:9:"Episode 1";s:31:"\0AppBundle\\Entity\\Episode\0duree";N;s:32:"\0AppBundle\\Entity\\Episode\0resume";N;s:36:"\0AppBundle\\Entity\\Episode\0diffusions";N;s:32:"\0AppBundle\\Entity\\Episode\0saison";r:434;s:43:"\0AppBundle\\Entity\\Episode\0auteurProposition";C:28:"AppBundle\\Entity\\Utilisateur":277:{a:13:{i:0;s:60:"$2y$13$a0z9lk7wnzks0gwkcgo8surmhYOFUHeCb5k9jbH/Ezvk4S9Cx5Q1.";i:1;s:31:"a0z9lk7wnzks0gwkcgo8s8o4oc48so4";i:2;s:6:"alesha";i:3;s:6:"alesha";i:4;b:0;i:5;b:0;i:6;b:0;i:7;b:1;i:8;i:1;i:9;N;i:10;N;i:11;s:21:"alesha.dixon@yahoo.fr";i:12;s:21:"alesha.dixon@yahoo.fr";}}s:33:"\0AppBundle\\Entity\\Episode\0viewers";N;s:32:"\0AppBundle\\Entity\\Episode\0valide";b:0;}}}s:46:"\0Doctrine\\ORM\\PersistentCollection\0initialized";b:1;}}}}s:46:"\0Doctrine\\ORM\\PersistentCollection\0initialized";b:1;}s:33:"\0AppBundle\\Entity\\Serie\0critiques";N;s:41:"\0AppBundle\\Entity\\Serie\0auteurProposition";r:448;s:27:"\0AppBundle\\Entity\\Serie\0url";s:120:"http://www.wallpapermade.com/images/wallpapers/originals/game-of-thrones-ned-stark-on-the-iron-throne-wallpaper-3826.jpg";s:30:"\0AppBundle\\Entity\\Serie\0valide";b:0;}s:4:"date";O:8:"DateTime":3:{s:4:"date";s:26:"2016-09-22 19:07:27.000000";s:13:"timezone_type";i:3;s:8:"timezone";s:3:"UTC";}}i:8;a:3:{s:4:"type";s:10:"visionnage";s:5:"cible";r:441;s:4:"date";O:8:"DateTime":3:{s:4:"date";s:26:"2016-09-22 19:07:27.000000";s:13:"timezone_type";i:3;s:8:"timezone";s:3:"UTC";}}i:9;a:3:{s:4:"type";s:7:"episode";s:5:"cible";r:441;s:4:"date";O:8:"DateTime":3:{s:4:"date";s:26:"2016-09-22 19:07:27.000000";s:13:"timezone_type";i:3;s:8:"timezone";s:3:"UTC";}}}', 'a:3:{i:0;i:7;i:1;i:8;i:2;i:9;}', 'a:3:{i:1;s:1:"3";i:2;s:1:"3";i:4;s:1:"3";}');
INSERT INTO `utilisateur` (`id`, `username`, `username_canonical`, `email`, `email_canonical`, `enabled`, `salt`, `password`, `last_login`, `locked`, `expired`, `expires_at`, `confirmation_token`, `password_requested_at`, `roles`, `credentials_expired`, `credentials_expire_at`, `Nom`, `Prenom`, `Mail`, `Date_naissance`, `Ville`, `Twitter`, `Facebook`, `Avatar`, `Signature`, `Description`, `activite`, `Votes_critiques`, `Votes_series`) VALUES
(2, 'stark', 'stark', 'stark@yahoo.fr', 'stark@yahoo.fr', 1, 'kc7l8qicu40s8sowg08kwckok8c04kk', '$2y$13$kc7l8qicu40s8sowg08kwOsCUzvuBiioQeBE49uh4c.D.9x4RVU22', '2016-09-22 22:07:48', 0, 0, NULL, NULL, NULL, 'a:2:{i:0;s:9:"ROLE_MODO";i:1;s:16:"ROLE_SUPER_ADMIN";}', 0, NULL, 'Stark', 'Ned', 'stark@yahoo.fr', '1979-06-14 00:00:00', 'Rouen', 'stark@twitter.fr', 'stark@facebook.fr', 'https://i.kinja-img.com/gawker-media/image/upload/rhakkzcewgtye3vhw2hv.jpg', 'stark', 'Bonjour à tous ! Je suis stark pour vous servir.', 'a:20:{i:0;a:3:{s:4:"type";s:8:"critique";s:5:"cible";O:25:"AppBundle\\Entity\\Critique":7:{s:29:"\0AppBundle\\Entity\\Critique\0id";i:16;s:34:"\0AppBundle\\Entity\\Critique\0contenu";s:225:"Les premières saisons sont convaincantes et plaisantes à regarder mais par la suite on a compris le principe, on retombe dans les mêmes histoires et l''originalité perd peu à peu son charme au fur et à mesure des saisons";s:32:"\0AppBundle\\Entity\\Critique\0serie";O:22:"AppBundle\\Entity\\Serie":16:{s:26:"\0AppBundle\\Entity\\Serie\0id";i:8;s:29:"\0AppBundle\\Entity\\Serie\0titre";s:10:"Les Tudors";s:28:"\0AppBundle\\Entity\\Serie\0pays";s:10:"Etats-Unis";s:34:"\0AppBundle\\Entity\\Serie\0anneeDebut";O:8:"DateTime":3:{s:4:"date";s:26:"2012-05-07 00:00:00.000000";s:13:"timezone_type";i:3;s:8:"timezone";s:3:"UTC";}s:30:"\0AppBundle\\Entity\\Serie\0status";s:8:"En cours";s:29:"\0AppBundle\\Entity\\Serie\0notes";a:2:{i:0;s:1:"2";i:1;s:1:"2";}s:33:"\0AppBundle\\Entity\\Serie\0noteSerie";i:2;s:32:"\0AppBundle\\Entity\\Serie\0synopsis";s:161:"La série raconte de manière romancée et librement adaptée de la vérité historique, la vie d''Henri VIII d''Angleterre, son règne et ses mariages successifs.";s:31:"\0AppBundle\\Entity\\Serie\0abonnes";O:33:"Doctrine\\ORM\\PersistentCollection":2:{s:39:"\0Doctrine\\ORM\\PersistentCollection\0coll";O:43:"Doctrine\\Common\\Collections\\ArrayCollection":1:{s:53:"\0Doctrine\\Common\\Collections\\ArrayCollection\0elements";a:0:{}}s:46:"\0Doctrine\\ORM\\PersistentCollection\0initialized";b:0;}s:29:"\0AppBundle\\Entity\\Serie\0roles";O:33:"Doctrine\\ORM\\PersistentCollection":2:{s:39:"\0Doctrine\\ORM\\PersistentCollection\0coll";O:43:"Doctrine\\Common\\Collections\\ArrayCollection":1:{s:53:"\0Doctrine\\Common\\Collections\\ArrayCollection\0elements";a:0:{}}s:46:"\0Doctrine\\ORM\\PersistentCollection\0initialized";b:0;}s:35:"\0AppBundle\\Entity\\Serie\0realisateur";O:43:"Proxies\\__CG__\\AppBundle\\Entity\\Realisateur":4:{s:17:"__isInitialized__";b:0;s:32:"\0AppBundle\\Entity\\Realisateur\0id";i:8;s:33:"\0AppBundle\\Entity\\Realisateur\0nom";N;s:36:"\0AppBundle\\Entity\\Realisateur\0series";N;}s:31:"\0AppBundle\\Entity\\Serie\0saisons";O:33:"Doctrine\\ORM\\PersistentCollection":2:{s:39:"\0Doctrine\\ORM\\PersistentCollection\0coll";O:43:"Doctrine\\Common\\Collections\\ArrayCollection":1:{s:53:"\0Doctrine\\Common\\Collections\\ArrayCollection\0elements";a:0:{}}s:46:"\0Doctrine\\ORM\\PersistentCollection\0initialized";b:0;}s:33:"\0AppBundle\\Entity\\Serie\0critiques";O:33:"Doctrine\\ORM\\PersistentCollection":2:{s:39:"\0Doctrine\\ORM\\PersistentCollection\0coll";O:43:"Doctrine\\Common\\Collections\\ArrayCollection":1:{s:53:"\0Doctrine\\Common\\Collections\\ArrayCollection\0elements";a:1:{i:0;r:4;}}s:46:"\0Doctrine\\ORM\\PersistentCollection\0initialized";b:0;}s:41:"\0AppBundle\\Entity\\Serie\0auteurProposition";C:43:"Proxies\\__CG__\\AppBundle\\Entity\\Utilisateur":257:{a:13:{i:0;s:60:"$2y$13$niqgdtyiojkw4oks4k48kuvtL/dSE0QEY16kEZqdyeWtK2hqsyki2";i:1;s:31:"niqgdtyiojkw4oks4k48k4848w04soc";i:2;s:4:"john";i:3;s:4:"john";i:4;b:0;i:5;b:0;i:6;b:0;i:7;b:1;i:8;i:4;i:9;N;i:10;N;i:11;s:13:"john@voila.fr";i:12;s:13:"john@voila.fr";}}s:27:"\0AppBundle\\Entity\\Serie\0url";s:87:"http://images.commeaucinema.com/galerie/big/144011_8d85218b4174e6fee6275180fa1a9086.jpg";s:30:"\0AppBundle\\Entity\\Serie\0valide";b:1;}s:33:"\0AppBundle\\Entity\\Critique\0auteur";C:28:"AppBundle\\Entity\\Utilisateur":261:{a:13:{i:0;s:60:"$2y$13$kc7l8qicu40s8sowg08kwOsCUzvuBiioQeBE49uh4c.D.9x4RVU22";i:1;s:31:"kc7l8qicu40s8sowg08kwckok8c04kk";i:2;s:5:"stark";i:3;s:5:"stark";i:4;b:0;i:5;b:0;i:6;b:0;i:7;b:1;i:8;i:2;i:9;N;i:10;N;i:11;s:14:"stark@yahoo.fr";i:12;s:14:"stark@yahoo.fr";}}s:39:"\0AppBundle\\Entity\\Critique\0dateCritique";O:8:"DateTime":3:{s:4:"date";s:26:"2016-09-22 22:11:23.000000";s:13:"timezone_type";i:3;s:8:"timezone";s:3:"UTC";}s:31:"\0AppBundle\\Entity\\Critique\0note";i:0;s:34:"\0AppBundle\\Entity\\Critique\0signale";b:0;}s:4:"date";O:8:"DateTime":3:{s:4:"date";s:26:"2016-09-22 22:11:23.000000";s:13:"timezone_type";i:3;s:8:"timezone";s:3:"UTC";}}i:1;a:3:{s:4:"type";s:6:"acteur";s:5:"cible";O:23:"AppBundle\\Entity\\Acteur":10:{s:27:"\0AppBundle\\Entity\\Acteur\0id";i:8;s:28:"\0AppBundle\\Entity\\Acteur\0nom";s:6:"Cavill";s:31:"\0AppBundle\\Entity\\Acteur\0prenom";s:5:"Henry";s:30:"\0AppBundle\\Entity\\Acteur\0roles";N;s:36:"\0AppBundle\\Entity\\Acteur\0nationalite";s:11:"Britannique";s:38:"\0AppBundle\\Entity\\Acteur\0dateNaissance";O:8:"DateTime":3:{s:4:"date";s:26:"1983-05-03 00:00:00.000000";s:13:"timezone_type";i:3;s:8:"timezone";s:3:"UTC";}s:42:"\0AppBundle\\Entity\\Acteur\0auteurProposition";C:28:"AppBundle\\Entity\\Utilisateur":261:{a:13:{i:0;s:60:"$2y$13$kc7l8qicu40s8sowg08kwOsCUzvuBiioQeBE49uh4c.D.9x4RVU22";i:1;s:31:"kc7l8qicu40s8sowg08kwckok8c04kk";i:2;s:5:"stark";i:3;s:5:"stark";i:4;b:0;i:5;b:0;i:6;b:0;i:7;b:1;i:8;i:2;i:9;N;i:10;N;i:11;s:14:"stark@yahoo.fr";i:12;s:14:"stark@yahoo.fr";}}s:28:"\0AppBundle\\Entity\\Acteur\0url";s:83:"http://ell.h-cdn.co/assets/16/07/1600x800/landscape-1455813161-elle-henrycavill.jpg";s:31:"\0AppBundle\\Entity\\Acteur\0valide";b:0;s:10:"nomComplet";s:12:"Cavill Henry";}s:4:"date";O:8:"DateTime":3:{s:4:"date";s:26:"2016-09-22 22:09:44.000000";s:13:"timezone_type";i:3;s:8:"timezone";s:3:"UTC";}}i:2;a:3:{s:4:"type";s:8:"critique";s:5:"cible";O:25:"AppBundle\\Entity\\Critique":7:{s:29:"\0AppBundle\\Entity\\Critique\0id";i:6;s:34:"\0AppBundle\\Entity\\Critique\0contenu";s:142:"De toutes les idées originales ayant pu apparaître à la télévision ces derniers années, « Dexter » est peut-être la plus jubilatoire.";s:32:"\0AppBundle\\Entity\\Critique\0serie";O:22:"AppBundle\\Entity\\Serie":16:{s:26:"\0AppBundle\\Entity\\Serie\0id";i:6;s:29:"\0AppBundle\\Entity\\Serie\0titre";s:6:"Dexter";s:28:"\0AppBundle\\Entity\\Serie\0pays";s:10:"Etats-Unis";s:34:"\0AppBundle\\Entity\\Serie\0anneeDebut";O:8:"DateTime":3:{s:4:"date";s:26:"2011-10-01 00:00:00.000000";s:13:"timezone_type";i:3;s:8:"timezone";s:3:"UTC";}s:30:"\0AppBundle\\Entity\\Serie\0status";s:9:"Arrêtée";s:29:"\0AppBundle\\Entity\\Serie\0notes";a:0:{}s:33:"\0AppBundle\\Entity\\Serie\0noteSerie";i:0;s:32:"\0AppBundle\\Entity\\Serie\0synopsis";s:200:"Expert en médecine légale spécialisé dans l''analyse de traces de sang dans la police le jour, tueur en série la nuit, Dexter Morgan ne tue que des criminels qui échappent au système judiciaire.";s:31:"\0AppBundle\\Entity\\Serie\0abonnes";O:33:"Doctrine\\ORM\\PersistentCollection":2:{s:39:"\0Doctrine\\ORM\\PersistentCollection\0coll";O:43:"Doctrine\\Common\\Collections\\ArrayCollection":1:{s:53:"\0Doctrine\\Common\\Collections\\ArrayCollection\0elements";a:0:{}}s:46:"\0Doctrine\\ORM\\PersistentCollection\0initialized";b:0;}s:29:"\0AppBundle\\Entity\\Serie\0roles";O:33:"Doctrine\\ORM\\PersistentCollection":2:{s:39:"\0Doctrine\\ORM\\PersistentCollection\0coll";O:43:"Doctrine\\Common\\Collections\\ArrayCollection":1:{s:53:"\0Doctrine\\Common\\Collections\\ArrayCollection\0elements";a:0:{}}s:46:"\0Doctrine\\ORM\\PersistentCollection\0initialized";b:0;}s:35:"\0AppBundle\\Entity\\Serie\0realisateur";O:43:"Proxies\\__CG__\\AppBundle\\Entity\\Realisateur":4:{s:17:"__isInitialized__";b:0;s:32:"\0AppBundle\\Entity\\Realisateur\0id";i:6;s:33:"\0AppBundle\\Entity\\Realisateur\0nom";N;s:36:"\0AppBundle\\Entity\\Realisateur\0series";N;}s:31:"\0AppBundle\\Entity\\Serie\0saisons";O:33:"Doctrine\\ORM\\PersistentCollection":2:{s:39:"\0Doctrine\\ORM\\PersistentCollection\0coll";O:43:"Doctrine\\Common\\Collections\\ArrayCollection":1:{s:53:"\0Doctrine\\Common\\Collections\\ArrayCollection\0elements";a:0:{}}s:46:"\0Doctrine\\ORM\\PersistentCollection\0initialized";b:0;}s:33:"\0AppBundle\\Entity\\Serie\0critiques";O:33:"Doctrine\\ORM\\PersistentCollection":2:{s:39:"\0Doctrine\\ORM\\PersistentCollection\0coll";O:43:"Doctrine\\Common\\Collections\\ArrayCollection":1:{s:53:"\0Doctrine\\Common\\Collections\\ArrayCollection\0elements";a:1:{i:0;r:121;}}s:46:"\0Doctrine\\ORM\\PersistentCollection\0initialized";b:0;}s:41:"\0AppBundle\\Entity\\Serie\0auteurProposition";C:28:"AppBundle\\Entity\\Utilisateur":261:{a:13:{i:0;s:60:"$2y$13$kc7l8qicu40s8sowg08kwOsCUzvuBiioQeBE49uh4c.D.9x4RVU22";i:1;s:31:"kc7l8qicu40s8sowg08kwckok8c04kk";i:2;s:5:"stark";i:3;s:5:"stark";i:4;b:0;i:5;b:0;i:6;b:0;i:7;b:1;i:8;i:2;i:9;N;i:10;N;i:11;s:14:"stark@yahoo.fr";i:12;s:14:"stark@yahoo.fr";}}s:27:"\0AppBundle\\Entity\\Serie\0url";s:70:"http://fansided.com/wp-content/blogs.dir/229/files/2013/09/dexter4.jpg";s:30:"\0AppBundle\\Entity\\Serie\0valide";b:1;}s:33:"\0AppBundle\\Entity\\Critique\0auteur";r:158;s:39:"\0AppBundle\\Entity\\Critique\0dateCritique";O:8:"DateTime":3:{s:4:"date";s:26:"2016-09-22 20:44:45.000000";s:13:"timezone_type";i:3;s:8:"timezone";s:3:"UTC";}s:31:"\0AppBundle\\Entity\\Critique\0note";d:2.5;s:34:"\0AppBundle\\Entity\\Critique\0signale";b:0;}s:4:"date";O:8:"DateTime":3:{s:4:"date";s:26:"2016-09-22 20:44:45.000000";s:13:"timezone_type";i:3;s:8:"timezone";s:3:"UTC";}}i:3;a:3:{s:4:"type";s:6:"acteur";s:5:"cible";O:23:"AppBundle\\Entity\\Acteur":10:{s:27:"\0AppBundle\\Entity\\Acteur\0id";i:6;s:28:"\0AppBundle\\Entity\\Acteur\0nom";s:7:"C. Hall";s:31:"\0AppBundle\\Entity\\Acteur\0prenom";s:7:"Michael";s:30:"\0AppBundle\\Entity\\Acteur\0roles";N;s:36:"\0AppBundle\\Entity\\Acteur\0nationalite";s:10:"Americaine";s:38:"\0AppBundle\\Entity\\Acteur\0dateNaissance";O:8:"DateTime":3:{s:4:"date";s:26:"1971-02-11 00:00:00.000000";s:13:"timezone_type";i:3;s:8:"timezone";s:3:"UTC";}s:42:"\0AppBundle\\Entity\\Acteur\0auteurProposition";C:28:"AppBundle\\Entity\\Utilisateur":261:{a:13:{i:0;s:60:"$2y$13$kc7l8qicu40s8sowg08kwOsCUzvuBiioQeBE49uh4c.D.9x4RVU22";i:1;s:31:"kc7l8qicu40s8sowg08kwckok8c04kk";i:2;s:5:"stark";i:3;s:5:"stark";i:4;b:0;i:5;b:0;i:6;b:0;i:7;b:1;i:8;i:2;i:9;N;i:10;N;i:11;s:14:"stark@yahoo.fr";i:12;s:14:"stark@yahoo.fr";}}s:28:"\0AppBundle\\Entity\\Acteur\0url";s:97:"https://www.picsofcelebrities.com/celebrity/michael-c-hall/pictures/large/michael-c-hall-2016.jpg";s:31:"\0AppBundle\\Entity\\Acteur\0valide";b:0;s:10:"nomComplet";s:15:"C. Hall Michael";}s:4:"date";O:8:"DateTime":3:{s:4:"date";s:26:"2016-09-22 20:38:28.000000";s:13:"timezone_type";i:3;s:8:"timezone";s:3:"UTC";}}i:4;a:3:{s:4:"type";s:5:"serie";s:5:"cible";O:22:"AppBundle\\Entity\\Serie":16:{s:26:"\0AppBundle\\Entity\\Serie\0id";i:6;s:29:"\0AppBundle\\Entity\\Serie\0titre";s:6:"Dexter";s:28:"\0AppBundle\\Entity\\Serie\0pays";s:10:"Etats-Unis";s:34:"\0AppBundle\\Entity\\Serie\0anneeDebut";O:8:"DateTime":3:{s:4:"date";s:26:"2011-10-01 00:00:00.000000";s:13:"timezone_type";i:3;s:8:"timezone";s:3:"UTC";}s:30:"\0AppBundle\\Entity\\Serie\0status";s:9:"Arrêtée";s:29:"\0AppBundle\\Entity\\Serie\0notes";a:0:{}s:33:"\0AppBundle\\Entity\\Serie\0noteSerie";i:0;s:32:"\0AppBundle\\Entity\\Serie\0synopsis";s:200:"Expert en médecine légale spécialisé dans l''analyse de traces de sang dans la police le jour, tueur en série la nuit, Dexter Morgan ne tue que des criminels qui échappent au système judiciaire.";s:31:"\0AppBundle\\Entity\\Serie\0abonnes";N;s:29:"\0AppBundle\\Entity\\Serie\0roles";N;s:35:"\0AppBundle\\Entity\\Serie\0realisateur";O:28:"AppBundle\\Entity\\Realisateur":3:{s:32:"\0AppBundle\\Entity\\Realisateur\0id";i:6;s:33:"\0AppBundle\\Entity\\Realisateur\0nom";s:14:"Michael Cuesta";s:36:"\0AppBundle\\Entity\\Realisateur\0series";O:33:"Doctrine\\ORM\\PersistentCollection":2:{s:39:"\0Doctrine\\ORM\\PersistentCollection\0coll";O:43:"Doctrine\\Common\\Collections\\ArrayCollection":1:{s:53:"\0Doctrine\\Common\\Collections\\ArrayCollection\0elements";a:1:{i:0;r:222;}}s:46:"\0Doctrine\\ORM\\PersistentCollection\0initialized";b:0;}}s:31:"\0AppBundle\\Entity\\Serie\0saisons";O:33:"Doctrine\\ORM\\PersistentCollection":2:{s:39:"\0Doctrine\\ORM\\PersistentCollection\0coll";O:43:"Doctrine\\Common\\Collections\\ArrayCollection":1:{s:53:"\0Doctrine\\Common\\Collections\\ArrayCollection\0elements";a:1:{i:0;O:23:"AppBundle\\Entity\\Saison":4:{s:27:"\0AppBundle\\Entity\\Saison\0id";i:6;s:37:"\0AppBundle\\Entity\\Saison\0denomination";s:8:"Saison 1";s:30:"\0AppBundle\\Entity\\Saison\0serie";r:222;s:33:"\0AppBundle\\Entity\\Saison\0episodes";O:33:"Doctrine\\ORM\\PersistentCollection":2:{s:39:"\0Doctrine\\ORM\\PersistentCollection\0coll";O:43:"Doctrine\\Common\\Collections\\ArrayCollection":1:{s:53:"\0Doctrine\\Common\\Collections\\ArrayCollection\0elements";a:1:{i:0;O:24:"AppBundle\\Entity\\Episode":9:{s:28:"\0AppBundle\\Entity\\Episode\0id";i:10;s:31:"\0AppBundle\\Entity\\Episode\0titre";s:9:"Episode 1";s:31:"\0AppBundle\\Entity\\Episode\0duree";N;s:32:"\0AppBundle\\Entity\\Episode\0resume";N;s:36:"\0AppBundle\\Entity\\Episode\0diffusions";N;s:32:"\0AppBundle\\Entity\\Episode\0saison";r:247;s:43:"\0AppBundle\\Entity\\Episode\0auteurProposition";C:28:"AppBundle\\Entity\\Utilisateur":261:{a:13:{i:0;s:60:"$2y$13$kc7l8qicu40s8sowg08kwOsCUzvuBiioQeBE49uh4c.D.9x4RVU22";i:1;s:31:"kc7l8qicu40s8sowg08kwckok8c04kk";i:2;s:5:"stark";i:3;s:5:"stark";i:4;b:0;i:5;b:0;i:6;b:0;i:7;b:1;i:8;i:2;i:9;N;i:10;N;i:11;s:14:"stark@yahoo.fr";i:12;s:14:"stark@yahoo.fr";}}s:33:"\0AppBundle\\Entity\\Episode\0viewers";N;s:32:"\0AppBundle\\Entity\\Episode\0valide";b:0;}}}s:46:"\0Doctrine\\ORM\\PersistentCollection\0initialized";b:1;}}}}s:46:"\0Doctrine\\ORM\\PersistentCollection\0initialized";b:1;}s:33:"\0AppBundle\\Entity\\Serie\0critiques";N;s:41:"\0AppBundle\\Entity\\Serie\0auteurProposition";r:261;s:27:"\0AppBundle\\Entity\\Serie\0url";s:70:"http://fansided.com/wp-content/blogs.dir/229/files/2013/09/dexter4.jpg";s:30:"\0AppBundle\\Entity\\Serie\0valide";b:0;}s:4:"date";O:8:"DateTime":3:{s:4:"date";s:26:"2016-09-22 20:35:09.000000";s:13:"timezone_type";i:3;s:8:"timezone";s:3:"UTC";}}i:5;a:3:{s:4:"type";s:10:"visionnage";s:5:"cible";r:254;s:4:"date";O:8:"DateTime":3:{s:4:"date";s:26:"2016-09-22 20:35:09.000000";s:13:"timezone_type";i:3;s:8:"timezone";s:3:"UTC";}}i:6;a:3:{s:4:"type";s:7:"episode";s:5:"cible";r:254;s:4:"date";O:8:"DateTime":3:{s:4:"date";s:26:"2016-09-22 20:35:09.000000";s:13:"timezone_type";i:3;s:8:"timezone";s:3:"UTC";}}i:7;a:3:{s:4:"type";s:8:"critique";s:5:"cible";O:25:"AppBundle\\Entity\\Critique":7:{s:29:"\0AppBundle\\Entity\\Critique\0id";i:5;s:34:"\0AppBundle\\Entity\\Critique\0contenu";s:45:"Sombre, violente, passionnante, GRANDIOSE !!!";s:32:"\0AppBundle\\Entity\\Critique\0serie";O:22:"AppBundle\\Entity\\Serie":16:{s:26:"\0AppBundle\\Entity\\Serie\0id";i:5;s:29:"\0AppBundle\\Entity\\Serie\0titre";s:12:"Breaking Bad";s:28:"\0AppBundle\\Entity\\Serie\0pays";s:10:"Etats-Unis";s:34:"\0AppBundle\\Entity\\Serie\0anneeDebut";O:8:"DateTime":3:{s:4:"date";s:26:"2011-01-01 00:00:00.000000";s:13:"timezone_type";i:3;s:8:"timezone";s:3:"UTC";}s:30:"\0AppBundle\\Entity\\Serie\0status";s:9:"Arrêtée";s:29:"\0AppBundle\\Entity\\Serie\0notes";a:1:{i:0;s:1:"5";}s:33:"\0AppBundle\\Entity\\Serie\0noteSerie";i:5;s:32:"\0AppBundle\\Entity\\Serie\0synopsis";s:256:"La série se concentre sur Walter « Walt » White, un professeur de chimie sur-qualifié et père de famille, qui, ayant appris qu''il est atteint d''un cancer du poumon en phase terminale, sombre dans le crime pour assurer l''avenir financier de sa famille.";s:31:"\0AppBundle\\Entity\\Serie\0abonnes";O:33:"Doctrine\\ORM\\PersistentCollection":2:{s:39:"\0Doctrine\\ORM\\PersistentCollection\0coll";O:43:"Doctrine\\Common\\Collections\\ArrayCollection":1:{s:53:"\0Doctrine\\Common\\Collections\\ArrayCollection\0elements";a:0:{}}s:46:"\0Doctrine\\ORM\\PersistentCollection\0initialized";b:0;}s:29:"\0AppBundle\\Entity\\Serie\0roles";O:33:"Doctrine\\ORM\\PersistentCollection":2:{s:39:"\0Doctrine\\ORM\\PersistentCollection\0coll";O:43:"Doctrine\\Common\\Collections\\ArrayCollection":1:{s:53:"\0Doctrine\\Common\\Collections\\ArrayCollection\0elements";a:0:{}}s:46:"\0Doctrine\\ORM\\PersistentCollection\0initialized";b:0;}s:35:"\0AppBundle\\Entity\\Serie\0realisateur";O:43:"Proxies\\__CG__\\AppBundle\\Entity\\Realisateur":4:{s:17:"__isInitialized__";b:0;s:32:"\0AppBundle\\Entity\\Realisateur\0id";i:2;s:33:"\0AppBundle\\Entity\\Realisateur\0nom";N;s:36:"\0AppBundle\\Entity\\Realisateur\0series";N;}s:31:"\0AppBundle\\Entity\\Serie\0saisons";O:33:"Doctrine\\ORM\\PersistentCollection":2:{s:39:"\0Doctrine\\ORM\\PersistentCollection\0coll";O:43:"Doctrine\\Common\\Collections\\ArrayCollection":1:{s:53:"\0Doctrine\\Common\\Collections\\ArrayCollection\0elements";a:0:{}}s:46:"\0Doctrine\\ORM\\PersistentCollection\0initialized";b:0;}s:33:"\0AppBundle\\Entity\\Serie\0critiques";O:33:"Doctrine\\ORM\\PersistentCollection":2:{s:39:"\0Doctrine\\ORM\\PersistentCollection\0coll";O:43:"Doctrine\\Common\\Collections\\ArrayCollection":1:{s:53:"\0Doctrine\\Common\\Collections\\ArrayCollection\0elements";a:1:{i:0;r:304;}}s:46:"\0Doctrine\\ORM\\PersistentCollection\0initialized";b:0;}s:41:"\0AppBundle\\Entity\\Serie\0auteurProposition";C:28:"AppBundle\\Entity\\Utilisateur":261:{a:13:{i:0;s:60:"$2y$13$kc7l8qicu40s8sowg08kwOsCUzvuBiioQeBE49uh4c.D.9x4RVU22";i:1;s:31:"kc7l8qicu40s8sowg08kwckok8c04kk";i:2;s:5:"stark";i:3;s:5:"stark";i:4;b:0;i:5;b:0;i:6;b:0;i:7;b:1;i:8;i:2;i:9;N;i:10;N;i:11;s:14:"stark@yahoo.fr";i:12;s:14:"stark@yahoo.fr";}}s:27:"\0AppBundle\\Entity\\Serie\0url";s:79:"http://img1.gtsstatic.com/wallpapers/17eea31946aa8a8ca88903c68d63ed28_large.png";s:30:"\0AppBundle\\Entity\\Serie\0valide";b:1;}s:33:"\0AppBundle\\Entity\\Critique\0auteur";r:342;s:39:"\0AppBundle\\Entity\\Critique\0dateCritique";O:8:"DateTime":3:{s:4:"date";s:26:"2016-09-22 20:31:12.000000";s:13:"timezone_type";i:3;s:8:"timezone";s:3:"UTC";}s:31:"\0AppBundle\\Entity\\Critique\0note";d:2.5;s:34:"\0AppBundle\\Entity\\Critique\0signale";b:0;}s:4:"date";O:8:"DateTime":3:{s:4:"date";s:26:"2016-09-22 20:31:12.000000";s:13:"timezone_type";i:3;s:8:"timezone";s:3:"UTC";}}i:8;a:3:{s:4:"type";s:6:"acteur";s:5:"cible";O:23:"AppBundle\\Entity\\Acteur":10:{s:27:"\0AppBundle\\Entity\\Acteur\0id";i:5;s:28:"\0AppBundle\\Entity\\Acteur\0nom";s:8:"Cranston";s:31:"\0AppBundle\\Entity\\Acteur\0prenom";s:5:"Bryan";s:30:"\0AppBundle\\Entity\\Acteur\0roles";N;s:36:"\0AppBundle\\Entity\\Acteur\0nationalite";s:11:"Américaine";s:38:"\0AppBundle\\Entity\\Acteur\0dateNaissance";O:8:"DateTime":3:{s:4:"date";s:26:"1956-03-07 00:00:00.000000";s:13:"timezone_type";i:3;s:8:"timezone";s:3:"UTC";}s:42:"\0AppBundle\\Entity\\Acteur\0auteurProposition";C:28:"AppBundle\\Entity\\Utilisateur":261:{a:13:{i:0;s:60:"$2y$13$kc7l8qicu40s8sowg08kwOsCUzvuBiioQeBE49uh4c.D.9x4RVU22";i:1;s:31:"kc7l8qicu40s8sowg08kwckok8c04kk";i:2;s:5:"stark";i:3;s:5:"stark";i:4;b:0;i:5;b:0;i:6;b:0;i:7;b:1;i:8;i:2;i:9;N;i:10;N;i:11;s:14:"stark@yahoo.fr";i:12;s:14:"stark@yahoo.fr";}}s:28:"\0AppBundle\\Entity\\Acteur\0url";s:99:"http://assets.potins.net/wp-content/uploads/2015/07/1436793306-8ba30a9e33d350abdec3f8c292a068a3.jpg";s:31:"\0AppBundle\\Entity\\Acteur\0valide";b:0;s:10:"nomComplet";s:14:"Cranston Bryan";}s:4:"date";O:8:"DateTime":3:{s:4:"date";s:26:"2016-09-22 20:29:50.000000";s:13:"timezone_type";i:3;s:8:"timezone";s:3:"UTC";}}i:9;a:3:{s:4:"type";s:5:"serie";s:5:"cible";O:22:"AppBundle\\Entity\\Serie":16:{s:26:"\0AppBundle\\Entity\\Serie\0id";i:5;s:29:"\0AppBundle\\Entity\\Serie\0titre";s:12:"Breaking Bad";s:28:"\0AppBundle\\Entity\\Serie\0pays";s:10:"Etats-Unis";s:34:"\0AppBundle\\Entity\\Serie\0anneeDebut";O:8:"DateTime":3:{s:4:"date";s:26:"2011-01-01 00:00:00.000000";s:13:"timezone_type";i:3;s:8:"timezone";s:3:"UTC";}s:30:"\0AppBundle\\Entity\\Serie\0status";s:9:"Arrêtée";s:29:"\0AppBundle\\Entity\\Serie\0notes";a:0:{}s:33:"\0AppBundle\\Entity\\Serie\0noteSerie";i:0;s:32:"\0AppBundle\\Entity\\Serie\0synopsis";s:256:"La série se concentre sur Walter « Walt » White, un professeur de chimie sur-qualifié et père de famille, qui, ayant appris qu''il est atteint d''un cancer du poumon en phase terminale, sombre dans le crime pour assurer l''avenir financier de sa famille.";s:31:"\0AppBundle\\Entity\\Serie\0abonnes";N;s:29:"\0AppBundle\\Entity\\Serie\0roles";N;s:35:"\0AppBundle\\Entity\\Serie\0realisateur";O:28:"AppBundle\\Entity\\Realisateur":3:{s:32:"\0AppBundle\\Entity\\Realisateur\0id";i:2;s:33:"\0AppBundle\\Entity\\Realisateur\0nom";s:11:"Johan Renck";s:36:"\0AppBundle\\Entity\\Realisateur\0series";O:33:"Doctrine\\ORM\\PersistentCollection":2:{s:39:"\0Doctrine\\ORM\\PersistentCollection\0coll";O:43:"Doctrine\\Common\\Collections\\ArrayCollection":1:{s:53:"\0Doctrine\\Common\\Collections\\ArrayCollection\0elements";a:1:{i:0;r:406;}}s:46:"\0Doctrine\\ORM\\PersistentCollection\0initialized";b:0;}}s:31:"\0AppBundle\\Entity\\Serie\0saisons";O:33:"Doctrine\\ORM\\PersistentCollection":2:{s:39:"\0Doctrine\\ORM\\PersistentCollection\0coll";O:43:"Doctrine\\Common\\Collections\\ArrayCollection":1:{s:53:"\0Doctrine\\Common\\Collections\\ArrayCollection\0elements";a:1:{i:0;O:23:"AppBundle\\Entity\\Saison":4:{s:27:"\0AppBundle\\Entity\\Saison\0id";i:5;s:37:"\0AppBundle\\Entity\\Saison\0denomination";s:8:"Saison 1";s:30:"\0AppBundle\\Entity\\Saison\0serie";r:406;s:33:"\0AppBundle\\Entity\\Saison\0episodes";O:33:"Doctrine\\ORM\\PersistentCollection":2:{s:39:"\0Doctrine\\ORM\\PersistentCollection\0coll";O:43:"Doctrine\\Common\\Collections\\ArrayCollection":1:{s:53:"\0Doctrine\\Common\\Collections\\ArrayCollection\0elements";a:1:{i:0;O:24:"AppBundle\\Entity\\Episode":9:{s:28:"\0AppBundle\\Entity\\Episode\0id";i:9;s:31:"\0AppBundle\\Entity\\Episode\0titre";s:9:"Episode 1";s:31:"\0AppBundle\\Entity\\Episode\0duree";N;s:32:"\0AppBundle\\Entity\\Episode\0resume";N;s:36:"\0AppBundle\\Entity\\Episode\0diffusions";N;s:32:"\0AppBundle\\Entity\\Episode\0saison";r:431;s:43:"\0AppBundle\\Entity\\Episode\0auteurProposition";C:28:"AppBundle\\Entity\\Utilisateur":261:{a:13:{i:0;s:60:"$2y$13$kc7l8qicu40s8sowg08kwOsCUzvuBiioQeBE49uh4c.D.9x4RVU22";i:1;s:31:"kc7l8qicu40s8sowg08kwckok8c04kk";i:2;s:5:"stark";i:3;s:5:"stark";i:4;b:0;i:5;b:0;i:6;b:0;i:7;b:1;i:8;i:2;i:9;N;i:10;N;i:11;s:14:"stark@yahoo.fr";i:12;s:14:"stark@yahoo.fr";}}s:33:"\0AppBundle\\Entity\\Episode\0viewers";N;s:32:"\0AppBundle\\Entity\\Episode\0valide";b:0;}}}s:46:"\0Doctrine\\ORM\\PersistentCollection\0initialized";b:1;}}}}s:46:"\0Doctrine\\ORM\\PersistentCollection\0initialized";b:1;}s:33:"\0AppBundle\\Entity\\Serie\0critiques";N;s:41:"\0AppBundle\\Entity\\Serie\0auteurProposition";r:445;s:27:"\0AppBundle\\Entity\\Serie\0url";s:79:"http://img1.gtsstatic.com/wallpapers/17eea31946aa8a8ca88903c68d63ed28_large.png";s:30:"\0AppBundle\\Entity\\Serie\0valide";b:0;}s:4:"date";O:8:"DateTime":3:{s:4:"date";s:26:"2016-09-22 20:27:51.000000";s:13:"timezone_type";i:3;s:8:"timezone";s:3:"UTC";}}i:10;a:3:{s:4:"type";s:10:"visionnage";s:5:"cible";r:438;s:4:"date";O:8:"DateTime":3:{s:4:"date";s:26:"2016-09-22 20:27:51.000000";s:13:"timezone_type";i:3;s:8:"timezone";s:3:"UTC";}}i:11;a:3:{s:4:"type";s:7:"episode";s:5:"cible";r:438;s:4:"date";O:8:"DateTime":3:{s:4:"date";s:26:"2016-09-22 20:27:51.000000";s:13:"timezone_type";i:3;s:8:"timezone";s:3:"UTC";}}i:12;a:3:{s:4:"type";s:10:"abonnement";s:5:"cible";O:22:"AppBundle\\Entity\\Serie":16:{s:26:"\0AppBundle\\Entity\\Serie\0id";i:2;s:29:"\0AppBundle\\Entity\\Serie\0titre";s:7:"Vikings";s:28:"\0AppBundle\\Entity\\Serie\0pays";s:10:"Etats-Unis";s:34:"\0AppBundle\\Entity\\Serie\0anneeDebut";O:8:"DateTime":3:{s:4:"date";s:26:"2013-04-01 00:00:00.000000";s:13:"timezone_type";i:3;s:8:"timezone";s:3:"UTC";}s:30:"\0AppBundle\\Entity\\Serie\0status";s:8:"En cours";s:29:"\0AppBundle\\Entity\\Serie\0notes";a:1:{i:0;s:1:"0";}s:33:"\0AppBundle\\Entity\\Serie\0noteSerie";i:0;s:32:"\0AppBundle\\Entity\\Serie\0synopsis";s:77:"La série suit les exploits d''''un groupe de Vikings mené par Ragnar Lothbrok";s:31:"\0AppBundle\\Entity\\Serie\0abonnes";O:33:"Doctrine\\ORM\\PersistentCollection":2:{s:39:"\0Doctrine\\ORM\\PersistentCollection\0coll";O:43:"Doctrine\\Common\\Collections\\ArrayCollection":1:{s:53:"\0Doctrine\\Common\\Collections\\ArrayCollection\0elements";a:1:{i:0;C:28:"AppBundle\\Entity\\Utilisateur":261:{a:13:{i:0;s:60:"$2y$13$kc7l8qicu40s8sowg08kwOsCUzvuBiioQeBE49uh4c.D.9x4RVU22";i:1;s:31:"kc7l8qicu40s8sowg08kwckok8c04kk";i:2;s:5:"stark";i:3;s:5:"stark";i:4;b:0;i:5;b:0;i:6;b:0;i:7;b:1;i:8;i:2;i:9;N;i:10;N;i:11;s:14:"stark@yahoo.fr";i:12;s:14:"stark@yahoo.fr";}}}}s:46:"\0Doctrine\\ORM\\PersistentCollection\0initialized";b:0;}s:29:"\0AppBundle\\Entity\\Serie\0roles";O:33:"Doctrine\\ORM\\PersistentCollection":2:{s:39:"\0Doctrine\\ORM\\PersistentCollection\0coll";O:43:"Doctrine\\Common\\Collections\\ArrayCollection":1:{s:53:"\0Doctrine\\Common\\Collections\\ArrayCollection\0elements";a:0:{}}s:46:"\0Doctrine\\ORM\\PersistentCollection\0initialized";b:0;}s:35:"\0AppBundle\\Entity\\Serie\0realisateur";O:43:"Proxies\\__CG__\\AppBundle\\Entity\\Realisateur":4:{s:17:"__isInitialized__";b:0;s:32:"\0AppBundle\\Entity\\Realisateur\0id";i:2;s:33:"\0AppBundle\\Entity\\Realisateur\0nom";N;s:36:"\0AppBundle\\Entity\\Realisateur\0series";N;}s:31:"\0AppBundle\\Entity\\Serie\0saisons";O:33:"Doctrine\\ORM\\PersistentCollection":2:{s:39:"\0Doctrine\\ORM\\PersistentCollection\0coll";O:43:"Doctrine\\Common\\Collections\\ArrayCollection":1:{s:53:"\0Doctrine\\Common\\Collections\\ArrayCollection\0elements";a:0:{}}s:46:"\0Doctrine\\ORM\\PersistentCollection\0initialized";b:0;}s:33:"\0AppBundle\\Entity\\Serie\0critiques";O:33:"Doctrine\\ORM\\PersistentCollection":2:{s:39:"\0Doctrine\\ORM\\PersistentCollection\0coll";O:43:"Doctrine\\Common\\Collections\\ArrayCollection":1:{s:53:"\0Doctrine\\Common\\Collections\\ArrayCollection\0elements";a:0:{}}s:46:"\0Doctrine\\ORM\\PersistentCollection\0initialized";b:0;}s:41:"\0AppBundle\\Entity\\Serie\0auteurProposition";r:504;s:27:"\0AppBundle\\Entity\\Serie\0url";s:92:"http://www.100hdwallpapers.com/wallpapers/1920x1080/vikings_2013_tv_series-hd_wallpapers.jpg";s:30:"\0AppBundle\\Entity\\Serie\0valide";b:1;}s:4:"date";O:8:"DateTime":3:{s:4:"date";s:26:"2016-09-22 20:19:00.000000";s:13:"timezone_type";i:3;s:8:"timezone";s:3:"UTC";}}i:13;a:3:{s:4:"type";s:10:"abonnement";s:5:"cible";O:22:"AppBundle\\Entity\\Serie":16:{s:26:"\0AppBundle\\Entity\\Serie\0id";i:1;s:29:"\0AppBundle\\Entity\\Serie\0titre";s:15:"Game of Thrones";s:28:"\0AppBundle\\Entity\\Serie\0pays";s:10:"Etats-Unis";s:34:"\0AppBundle\\Entity\\Serie\0anneeDebut";O:8:"DateTime":3:{s:4:"date";s:26:"2011-01-01 00:00:00.000000";s:13:"timezone_type";i:3;s:8:"timezone";s:3:"UTC";}s:30:"\0AppBundle\\Entity\\Serie\0status";s:8:"En cours";s:29:"\0AppBundle\\Entity\\Serie\0notes";a:1:{i:0;s:1:"5";}s:33:"\0AppBundle\\Entity\\Serie\0noteSerie";i:5;s:32:"\0AppBundle\\Entity\\Serie\0synopsis";s:125:"La série suit l’histoire des membres de plusieurs familles nobles, dans une guerre civile pour conquérir le Trône de Fer";s:31:"\0AppBundle\\Entity\\Serie\0abonnes";O:33:"Doctrine\\ORM\\PersistentCollection":2:{s:39:"\0Doctrine\\ORM\\PersistentCollection\0coll";O:43:"Doctrine\\Common\\Collections\\ArrayCollection":1:{s:53:"\0Doctrine\\Common\\Collections\\ArrayCollection\0elements";a:1:{i:0;C:28:"AppBundle\\Entity\\Utilisateur":261:{a:13:{i:0;s:60:"$2y$13$kc7l8qicu40s8sowg08kwOsCUzvuBiioQeBE49uh4c.D.9x4RVU22";i:1;s:31:"kc7l8qicu40s8sowg08kwckok8c04kk";i:2;s:5:"stark";i:3;s:5:"stark";i:4;b:0;i:5;b:0;i:6;b:0;i:7;b:1;i:8;i:2;i:9;N;i:10;N;i:11;s:14:"stark@yahoo.fr";i:12;s:14:"stark@yahoo.fr";}}}}s:46:"\0Doctrine\\ORM\\PersistentCollection\0initialized";b:0;}s:29:"\0AppBundle\\Entity\\Serie\0roles";O:33:"Doctrine\\ORM\\PersistentCollection":2:{s:39:"\0Doctrine\\ORM\\PersistentCollection\0coll";O:43:"Doctrine\\Common\\Collections\\ArrayCollection":1:{s:53:"\0Doctrine\\Common\\Collections\\ArrayCollection\0elements";a:0:{}}s:46:"\0Doctrine\\ORM\\PersistentCollection\0initialized";b:0;}s:35:"\0AppBundle\\Entity\\Serie\0realisateur";O:43:"Proxies\\__CG__\\AppBundle\\Entity\\Realisateur":4:{s:17:"__isInitialized__";b:0;s:32:"\0AppBundle\\Entity\\Realisateur\0id";i:1;s:33:"\0AppBundle\\Entity\\Realisateur\0nom";N;s:36:"\0AppBundle\\Entity\\Realisateur\0series";N;}s:31:"\0AppBundle\\Entity\\Serie\0saisons";O:33:"Doctrine\\ORM\\PersistentCollection":2:{s:39:"\0Doctrine\\ORM\\PersistentCollection\0coll";O:43:"Doctrine\\Common\\Collections\\ArrayCollection":1:{s:53:"\0Doctrine\\Common\\Collections\\ArrayCollection\0elements";a:0:{}}s:46:"\0Doctrine\\ORM\\PersistentCollection\0initialized";b:0;}s:33:"\0AppBundle\\Entity\\Serie\0critiques";O:33:"Doctrine\\ORM\\PersistentCollection":2:{s:39:"\0Doctrine\\ORM\\PersistentCollection\0coll";O:43:"Doctrine\\Common\\Collections\\ArrayCollection":1:{s:53:"\0Doctrine\\Common\\Collections\\ArrayCollection\0elements";a:0:{}}s:46:"\0Doctrine\\ORM\\PersistentCollection\0initialized";b:0;}s:41:"\0AppBundle\\Entity\\Serie\0auteurProposition";C:43:"Proxies\\__CG__\\AppBundle\\Entity\\Utilisateur":277:{a:13:{i:0;s:60:"$2y$13$a0z9lk7wnzks0gwkcgo8surmhYOFUHeCb5k9jbH/Ezvk4S9Cx5Q1.";i:1;s:31:"a0z9lk7wnzks0gwkcgo8s8o4oc48so4";i:2;s:6:"alesha";i:3;s:6:"alesha";i:4;b:0;i:5;b:0;i:6;b:0;i:7;b:1;i:8;i:1;i:9;N;i:10;N;i:11;s:21:"alesha.dixon@yahoo.fr";i:12;s:21:"alesha.dixon@yahoo.fr";}}s:27:"\0AppBundle\\Entity\\Serie\0url";s:120:"http://www.wallpapermade.com/images/wallpapers/originals/game-of-thrones-ned-stark-on-the-iron-throne-wallpaper-3826.jpg";s:30:"\0AppBundle\\Entity\\Serie\0valide";b:1;}s:4:"date";O:8:"DateTime":3:{s:4:"date";s:26:"2016-09-22 20:17:35.000000";s:13:"timezone_type";i:3;s:8:"timezone";s:3:"UTC";}}i:14;a:3:{s:4:"type";s:8:"critique";s:5:"cible";O:25:"AppBundle\\Entity\\Critique":7:{s:29:"\0AppBundle\\Entity\\Critique\0id";i:4;s:34:"\0AppBundle\\Entity\\Critique\0contenu";s:98:"Une série ennuyeuse où il ne se passe pas grand chose. J''ai décroché à la fin de la saison 1.";s:32:"\0AppBundle\\Entity\\Critique\0serie";O:22:"AppBundle\\Entity\\Serie":16:{s:26:"\0AppBundle\\Entity\\Serie\0id";i:4;s:29:"\0AppBundle\\Entity\\Serie\0titre";s:20:"Battlestar Galactica";s:28:"\0AppBundle\\Entity\\Serie\0pays";s:10:"Etats-Unis";s:34:"\0AppBundle\\Entity\\Serie\0anneeDebut";O:8:"DateTime":3:{s:4:"date";s:26:"2011-03-09 00:00:00.000000";s:13:"timezone_type";i:3;s:8:"timezone";s:3:"UTC";}s:30:"\0AppBundle\\Entity\\Serie\0status";s:8:"Arrêté";s:29:"\0AppBundle\\Entity\\Serie\0notes";a:1:{i:0;s:1:"1";}s:33:"\0AppBundle\\Entity\\Serie\0noteSerie";i:1;s:32:"\0AppBundle\\Entity\\Serie\0synopsis";s:214:"Les Cylons, robots humanoïdes créés par les humains et dont ils sont devenus les ennemis jurés, ont complètement disparu de l''univers connu depuis la signature d''une trêve une quarantaine d''années plus tôt.";s:31:"\0AppBundle\\Entity\\Serie\0abonnes";O:33:"Doctrine\\ORM\\PersistentCollection":2:{s:39:"\0Doctrine\\ORM\\PersistentCollection\0coll";O:43:"Doctrine\\Common\\Collections\\ArrayCollection":1:{s:53:"\0Doctrine\\Common\\Collections\\ArrayCollection\0elements";a:0:{}}s:46:"\0Doctrine\\ORM\\PersistentCollection\0initialized";b:0;}s:29:"\0AppBundle\\Entity\\Serie\0roles";O:33:"Doctrine\\ORM\\PersistentCollection":2:{s:39:"\0Doctrine\\ORM\\PersistentCollection\0coll";O:43:"Doctrine\\Common\\Collections\\ArrayCollection":1:{s:53:"\0Doctrine\\Common\\Collections\\ArrayCollection\0elements";a:0:{}}s:46:"\0Doctrine\\ORM\\PersistentCollection\0initialized";b:0;}s:35:"\0AppBundle\\Entity\\Serie\0realisateur";O:43:"Proxies\\__CG__\\AppBundle\\Entity\\Realisateur":4:{s:17:"__isInitialized__";b:0;s:32:"\0AppBundle\\Entity\\Realisateur\0id";i:2;s:33:"\0AppBundle\\Entity\\Realisateur\0nom";N;s:36:"\0AppBundle\\Entity\\Realisateur\0series";N;}s:31:"\0AppBundle\\Entity\\Serie\0saisons";O:33:"Doctrine\\ORM\\PersistentCollection":2:{s:39:"\0Doctrine\\ORM\\PersistentCollection\0coll";O:43:"Doctrine\\Common\\Collections\\ArrayCollection":1:{s:53:"\0Doctrine\\Common\\Collections\\ArrayCollection\0elements";a:0:{}}s:46:"\0Doctrine\\ORM\\PersistentCollection\0initialized";b:0;}s:33:"\0AppBundle\\Entity\\Serie\0critiques";O:33:"Doctrine\\ORM\\PersistentCollection":2:{s:39:"\0Doctrine\\ORM\\PersistentCollection\0coll";O:43:"Doctrine\\Common\\Collections\\ArrayCollection":1:{s:53:"\0Doctrine\\Common\\Collections\\ArrayCollection\0elements";a:1:{i:0;r:618;}}s:46:"\0Doctrine\\ORM\\PersistentCollection\0initialized";b:0;}s:41:"\0AppBundle\\Entity\\Serie\0auteurProposition";C:28:"AppBundle\\Entity\\Utilisateur":261:{a:13:{i:0;s:60:"$2y$13$kc7l8qicu40s8sowg08kwOsCUzvuBiioQeBE49uh4c.D.9x4RVU22";i:1;s:31:"kc7l8qicu40s8sowg08kwckok8c04kk";i:2;s:5:"stark";i:3;s:5:"stark";i:4;b:0;i:5;b:0;i:6;b:0;i:7;b:1;i:8;i:2;i:9;N;i:10;N;i:11;s:14:"stark@yahoo.fr";i:12;s:14:"stark@yahoo.fr";}}s:27:"\0AppBundle\\Entity\\Serie\0url";s:78:"http://coulissesmedias.com/wp-content/uploads/2014/04/battlestar-galactica.jpg";s:30:"\0AppBundle\\Entity\\Serie\0valide";b:1;}s:33:"\0AppBundle\\Entity\\Critique\0auteur";r:656;s:39:"\0AppBundle\\Entity\\Critique\0dateCritique";O:8:"DateTime":3:{s:4:"date";s:26:"2016-09-22 20:13:26.000000";s:13:"timezone_type";i:3;s:8:"timezone";s:3:"UTC";}s:31:"\0AppBundle\\Entity\\Critique\0note";d:2.5;s:34:"\0AppBundle\\Entity\\Critique\0signale";b:0;}s:4:"date";O:8:"DateTime":3:{s:4:"date";s:26:"2016-09-22 20:13:26.000000";s:13:"timezone_type";i:3;s:8:"timezone";s:3:"UTC";}}i:15;a:3:{s:4:"type";s:8:"critique";s:5:"cible";O:25:"AppBundle\\Entity\\Critique":7:{s:29:"\0AppBundle\\Entity\\Critique\0id";i:1;s:34:"\0AppBundle\\Entity\\Critique\0contenu";s:83:"Une série pleine de rebondissements mais certains épisodes traînent en longueur.";s:32:"\0AppBundle\\Entity\\Critique\0serie";O:22:"AppBundle\\Entity\\Serie":16:{s:26:"\0AppBundle\\Entity\\Serie\0id";i:1;s:29:"\0AppBundle\\Entity\\Serie\0titre";s:15:"Game of Thrones";s:28:"\0AppBundle\\Entity\\Serie\0pays";s:10:"Etats-Unis";s:34:"\0AppBundle\\Entity\\Serie\0anneeDebut";O:8:"DateTime":3:{s:4:"date";s:26:"2011-01-01 00:00:00.000000";s:13:"timezone_type";i:3;s:8:"timezone";s:3:"UTC";}s:30:"\0AppBundle\\Entity\\Serie\0status";s:8:"En cours";s:29:"\0AppBundle\\Entity\\Serie\0notes";a:1:{i:0;s:1:"5";}s:33:"\0AppBundle\\Entity\\Serie\0noteSerie";i:5;s:32:"\0AppBundle\\Entity\\Serie\0synopsis";s:125:"La série suit l’histoire des membres de plusieurs familles nobles, dans une guerre civile pour conquérir le Trône de Fer";s:31:"\0AppBundle\\Entity\\Serie\0abonnes";O:33:"Doctrine\\ORM\\PersistentCollection":2:{s:39:"\0Doctrine\\ORM\\PersistentCollection\0coll";O:43:"Doctrine\\Common\\Collections\\ArrayCollection":1:{s:53:"\0Doctrine\\Common\\Collections\\ArrayCollection\0elements";a:0:{}}s:46:"\0Doctrine\\ORM\\PersistentCollection\0initialized";b:0;}s:29:"\0AppBundle\\Entity\\Serie\0roles";O:33:"Doctrine\\ORM\\PersistentCollection":2:{s:39:"\0Doctrine\\ORM\\PersistentCollection\0coll";O:43:"Doctrine\\Common\\Collections\\ArrayCollection":1:{s:53:"\0Doctrine\\Common\\Collections\\ArrayCollection\0elements";a:0:{}}s:46:"\0Doctrine\\ORM\\PersistentCollection\0initialized";b:0;}s:35:"\0AppBundle\\Entity\\Serie\0realisateur";O:43:"Proxies\\__CG__\\AppBundle\\Entity\\Realisateur":4:{s:17:"__isInitialized__";b:0;s:32:"\0AppBundle\\Entity\\Realisateur\0id";i:1;s:33:"\0AppBundle\\Entity\\Realisateur\0nom";N;s:36:"\0AppBundle\\Entity\\Realisateur\0series";N;}s:31:"\0AppBundle\\Entity\\Serie\0saisons";O:33:"Doctrine\\ORM\\PersistentCollection":2:{s:39:"\0Doctrine\\ORM\\PersistentCollection\0coll";O:43:"Doctrine\\Common\\Collections\\ArrayCollection":1:{s:53:"\0Doctrine\\Common\\Collections\\ArrayCollection\0elements";a:0:{}}s:46:"\0Doctrine\\ORM\\PersistentCollection\0initialized";b:0;}s:33:"\0AppBundle\\Entity\\Serie\0critiques";O:33:"Doctrine\\ORM\\PersistentCollection":2:{s:39:"\0Doctrine\\ORM\\PersistentCollection\0coll";O:43:"Doctrine\\Common\\Collections\\ArrayCollection":1:{s:53:"\0Doctrine\\Common\\Collections\\ArrayCollection\0elements";a:1:{i:0;r:686;}}s:46:"\0Doctrine\\ORM\\PersistentCollection\0initialized";b:0;}s:41:"\0AppBundle\\Entity\\Serie\0auteurProposition";C:43:"Proxies\\__CG__\\AppBundle\\Entity\\Utilisateur":277:{a:13:{i:0;s:60:"$2y$13$a0z9lk7wnzks0gwkcgo8surmhYOFUHeCb5k9jbH/Ezvk4S9Cx5Q1.";i:1;s:31:"a0z9lk7wnzks0gwkcgo8s8o4oc48so4";i:2;s:6:"alesha";i:3;s:6:"alesha";i:4;b:0;i:5;b:0;i:6;b:0;i:7;b:1;i:8;i:1;i:9;N;i:10;N;i:11;s:21:"alesha.dixon@yahoo.fr";i:12;s:21:"alesha.dixon@yahoo.fr";}}s:27:"\0AppBundle\\Entity\\Serie\0url";s:120:"http://www.wallpapermade.com/images/wallpapers/originals/game-of-thrones-ned-stark-on-the-iron-throne-wallpaper-3826.jpg";s:30:"\0AppBundle\\Entity\\Serie\0valide";b:1;}s:33:"\0AppBundle\\Entity\\Critique\0auteur";C:28:"AppBundle\\Entity\\Utilisateur":261:{a:13:{i:0;s:60:"$2y$13$kc7l8qicu40s8sowg08kwOsCUzvuBiioQeBE49uh4c.D.9x4RVU22";i:1;s:31:"kc7l8qicu40s8sowg08kwckok8c04kk";i:2;s:5:"stark";i:3;s:5:"stark";i:4;b:0;i:5;b:0;i:6;b:0;i:7;b:1;i:8;i:2;i:9;N;i:10;N;i:11;s:14:"stark@yahoo.fr";i:12;s:14:"stark@yahoo.fr";}}s:39:"\0AppBundle\\Entity\\Critique\0dateCritique";O:8:"DateTime":3:{s:4:"date";s:26:"2016-09-22 20:06:29.000000";s:13:"timezone_type";i:3;s:8:"timezone";s:3:"UTC";}s:31:"\0AppBundle\\Entity\\Critique\0note";d:2.5;s:34:"\0AppBundle\\Entity\\Critique\0signale";b:0;}s:4:"date";O:8:"DateTime":3:{s:4:"date";s:26:"2016-09-22 20:06:29.000000";s:13:"timezone_type";i:3;s:8:"timezone";s:3:"UTC";}}i:16;a:3:{s:4:"type";s:6:"acteur";s:5:"cible";O:23:"AppBundle\\Entity\\Acteur":10:{s:27:"\0AppBundle\\Entity\\Acteur\0id";i:4;s:28:"\0AppBundle\\Entity\\Acteur\0nom";s:4:"Rami";s:31:"\0AppBundle\\Entity\\Acteur\0prenom";s:5:"Malek";s:30:"\0AppBundle\\Entity\\Acteur\0roles";N;s:36:"\0AppBundle\\Entity\\Acteur\0nationalite";s:10:"Americaine";s:38:"\0AppBundle\\Entity\\Acteur\0dateNaissance";O:8:"DateTime":3:{s:4:"date";s:26:"1981-05-12 00:00:00.000000";s:13:"timezone_type";i:3;s:8:"timezone";s:3:"UTC";}s:42:"\0AppBundle\\Entity\\Acteur\0auteurProposition";C:28:"AppBundle\\Entity\\Utilisateur":261:{a:13:{i:0;s:60:"$2y$13$kc7l8qicu40s8sowg08kwOsCUzvuBiioQeBE49uh4c.D.9x4RVU22";i:1;s:31:"kc7l8qicu40s8sowg08kwckok8c04kk";i:2;s:5:"stark";i:3;s:5:"stark";i:4;b:0;i:5;b:0;i:6;b:0;i:7;b:1;i:8;i:2;i:9;N;i:10;N;i:11;s:14:"stark@yahoo.fr";i:12;s:14:"stark@yahoo.fr";}}s:28:"\0AppBundle\\Entity\\Acteur\0url";s:67:"http://www.albawaba.com/sites/default/files/im/rami-malek-robot.jpg";s:31:"\0AppBundle\\Entity\\Acteur\0valide";b:0;s:10:"nomComplet";s:10:"Rami Malek";}s:4:"date";O:8:"DateTime":3:{s:4:"date";s:26:"2016-09-22 19:54:16.000000";s:13:"timezone_type";i:3;s:8:"timezone";s:3:"UTC";}}i:17;a:3:{s:4:"type";s:6:"acteur";s:5:"cible";O:23:"AppBundle\\Entity\\Acteur":10:{s:27:"\0AppBundle\\Entity\\Acteur\0id";i:3;s:28:"\0AppBundle\\Entity\\Acteur\0nom";s:6:"Helfer";s:31:"\0AppBundle\\Entity\\Acteur\0prenom";s:6:"Tricia";s:30:"\0AppBundle\\Entity\\Acteur\0roles";N;s:36:"\0AppBundle\\Entity\\Acteur\0nationalite";s:10:"Americaine";s:38:"\0AppBundle\\Entity\\Acteur\0dateNaissance";O:8:"DateTime":3:{s:4:"date";s:26:"1974-04-11 00:00:00.000000";s:13:"timezone_type";i:3;s:8:"timezone";s:3:"UTC";}s:42:"\0AppBundle\\Entity\\Acteur\0auteurProposition";C:28:"AppBundle\\Entity\\Utilisateur":261:{a:13:{i:0;s:60:"$2y$13$kc7l8qicu40s8sowg08kwOsCUzvuBiioQeBE49uh4c.D.9x4RVU22";i:1;s:31:"kc7l8qicu40s8sowg08kwckok8c04kk";i:2;s:5:"stark";i:3;s:5:"stark";i:4;b:0;i:5;b:0;i:6;b:0;i:7;b:1;i:8;i:2;i:9;N;i:10;N;i:11;s:14:"stark@yahoo.fr";i:12;s:14:"stark@yahoo.fr";}}s:28:"\0AppBundle\\Entity\\Acteur\0url";s:69:"https://upload.wikimedia.org/wikipedia/commons/1/11/Tricia_Helfer.jpg";s:31:"\0AppBundle\\Entity\\Acteur\0valide";b:0;s:10:"nomComplet";s:13:"Helfer Tricia";}s:4:"date";O:8:"DateTime":3:{s:4:"date";s:26:"2016-09-22 19:50:40.000000";s:13:"timezone_type";i:3;s:8:"timezone";s:3:"UTC";}}i:18;a:3:{s:4:"type";s:10:"visionnage";s:5:"cible";O:24:"AppBundle\\Entity\\Episode":9:{s:28:"\0AppBundle\\Entity\\Episode\0id";i:8;s:31:"\0AppBundle\\Entity\\Episode\0titre";s:2:"33";s:31:"\0AppBundle\\Entity\\Episode\0duree";O:8:"DateTime":3:{s:4:"date";s:26:"1970-01-01 00:55:00.000000";s:13:"timezone_type";i:3;s:8:"timezone";s:3:"UTC";}s:32:"\0AppBundle\\Entity\\Episode\0resume";s:167:"Après l''attaque des Cylons, la flotte des vaisseaux est pourchassée et doit effectuer des sauts dans l''espace toutes les 33 minutes afin d''échapper aux assaillants.";s:36:"\0AppBundle\\Entity\\Episode\0diffusions";N;s:32:"\0AppBundle\\Entity\\Episode\0saison";O:23:"AppBundle\\Entity\\Saison":4:{s:27:"\0AppBundle\\Entity\\Saison\0id";i:4;s:37:"\0AppBundle\\Entity\\Saison\0denomination";s:8:"Saison 1";s:30:"\0AppBundle\\Entity\\Saison\0serie";O:37:"Proxies\\__CG__\\AppBundle\\Entity\\Serie":17:{s:17:"__isInitialized__";b:0;s:26:"\0AppBundle\\Entity\\Serie\0id";i:4;s:29:"\0AppBundle\\Entity\\Serie\0titre";N;s:28:"\0AppBundle\\Entity\\Serie\0pays";N;s:34:"\0AppBundle\\Entity\\Serie\0anneeDebut";N;s:30:"\0AppBundle\\Entity\\Serie\0status";N;s:29:"\0AppBundle\\Entity\\Serie\0notes";N;s:33:"\0AppBundle\\Entity\\Serie\0noteSerie";N;s:32:"\0AppBundle\\Entity\\Serie\0synopsis";N;s:31:"\0AppBundle\\Entity\\Serie\0abonnes";N;s:29:"\0AppBundle\\Entity\\Serie\0roles";N;s:35:"\0AppBundle\\Entity\\Serie\0realisateur";N;s:31:"\0AppBundle\\Entity\\Serie\0saisons";N;s:33:"\0AppBundle\\Entity\\Serie\0critiques";N;s:41:"\0AppBundle\\Entity\\Serie\0auteurProposition";N;s:27:"\0AppBundle\\Entity\\Serie\0url";N;s:30:"\0AppBundle\\Entity\\Serie\0valide";N;}s:33:"\0AppBundle\\Entity\\Saison\0episodes";O:33:"Doctrine\\ORM\\PersistentCollection":2:{s:39:"\0Doctrine\\ORM\\PersistentCollection\0coll";O:43:"Doctrine\\Common\\Collections\\ArrayCollection":1:{s:53:"\0Doctrine\\Common\\Collections\\ArrayCollection\0elements";a:1:{i:0;r:836;}}s:46:"\0Doctrine\\ORM\\PersistentCollection\0initialized";b:0;}}s:43:"\0AppBundle\\Entity\\Episode\0auteurProposition";C:28:"AppBundle\\Entity\\Utilisateur":261:{a:13:{i:0;s:60:"$2y$13$kc7l8qicu40s8sowg08kwOsCUzvuBiioQeBE49uh4c.D.9x4RVU22";i:1;s:31:"kc7l8qicu40s8sowg08kwckok8c04kk";i:2;s:5:"stark";i:3;s:5:"stark";i:4;b:0;i:5;b:0;i:6;b:0;i:7;b:1;i:8;i:2;i:9;N;i:10;N;i:11;s:14:"stark@yahoo.fr";i:12;s:14:"stark@yahoo.fr";}}s:33:"\0AppBundle\\Entity\\Episode\0viewers";N;s:32:"\0AppBundle\\Entity\\Episode\0valide";b:0;}s:4:"date";O:8:"DateTime":3:{s:4:"date";s:26:"2016-09-22 19:49:06.000000";s:13:"timezone_type";i:3;s:8:"timezone";s:3:"UTC";}}i:19;a:3:{s:4:"type";s:7:"episode";s:5:"cible";r:836;s:4:"date";O:8:"DateTime":3:{s:4:"date";s:26:"2016-09-22 19:49:06.000000";s:13:"timezone_type";i:3;s:8:"timezone";s:3:"UTC";}}}', 'a:3:{i:0;i:1;i:1;i:15;i:2;i:16;}', 'a:4:{i:1;s:1:"5";i:4;s:1:"1";i:5;s:1:"5";i:8;s:1:"2";}');
INSERT INTO `utilisateur` (`id`, `username`, `username_canonical`, `email`, `email_canonical`, `enabled`, `salt`, `password`, `last_login`, `locked`, `expired`, `expires_at`, `confirmation_token`, `password_requested_at`, `roles`, `credentials_expired`, `credentials_expire_at`, `Nom`, `Prenom`, `Mail`, `Date_naissance`, `Ville`, `Twitter`, `Facebook`, `Avatar`, `Signature`, `Description`, `activite`, `Votes_critiques`, `Votes_series`) VALUES
(3, 'hagen', 'hagen', 'hagen@caramail.com', 'hagen@caramail.com', 1, 'r9k4alqua9wk4owkwgs8o0w0wokwc08', '$2y$13$r9k4alqua9wk4owkwgs8ouXoQfkLd9lm1ESn/vCib7LIQ9.jP0WMS', '2016-09-22 22:12:07', 0, 0, NULL, NULL, NULL, 'a:1:{i:0;s:9:"ROLE_MODO";}', 0, NULL, 'Hagen', 'Gustave', 'hagen@caramail.com', '1984-06-15 00:00:00', 'Angers', 'hagen@twitter.com', 'hagen@facebook.com', 'http://66.media.tumblr.com/avatar_4e71782bc4ea_128.png', 'Hagen', 'Je m''appelle Hagen, j''ai 29 ans et presque toutes mes dents. Je me suis inscrit sur ce site pour partager ma passion pour les séries.', 'a:4:{i:0;a:3:{s:4:"type";s:8:"critique";s:5:"cible";O:25:"AppBundle\\Entity\\Critique":7:{s:29:"\0AppBundle\\Entity\\Critique\0id";i:17;s:34:"\0AppBundle\\Entity\\Critique\0contenu";s:213:"Malheureusement, la série ne tient pas ces promesses. Scénario décevant, rythme soporifique, prestation inexistante, histoire invraisemblable, la série est devenue un véritable désastre au fil des épisodes.";s:32:"\0AppBundle\\Entity\\Critique\0serie";O:22:"AppBundle\\Entity\\Serie":16:{s:26:"\0AppBundle\\Entity\\Serie\0id";i:8;s:29:"\0AppBundle\\Entity\\Serie\0titre";s:10:"Les Tudors";s:28:"\0AppBundle\\Entity\\Serie\0pays";s:10:"Etats-Unis";s:34:"\0AppBundle\\Entity\\Serie\0anneeDebut";O:8:"DateTime":3:{s:4:"date";s:26:"2012-05-07 00:00:00.000000";s:13:"timezone_type";i:3;s:8:"timezone";s:3:"UTC";}s:30:"\0AppBundle\\Entity\\Serie\0status";s:8:"En cours";s:29:"\0AppBundle\\Entity\\Serie\0notes";a:3:{i:0;s:1:"2";i:1;s:1:"2";i:2;s:1:"1";}s:33:"\0AppBundle\\Entity\\Serie\0noteSerie";i:1;s:32:"\0AppBundle\\Entity\\Serie\0synopsis";s:161:"La série raconte de manière romancée et librement adaptée de la vérité historique, la vie d''Henri VIII d''Angleterre, son règne et ses mariages successifs.";s:31:"\0AppBundle\\Entity\\Serie\0abonnes";O:33:"Doctrine\\ORM\\PersistentCollection":2:{s:39:"\0Doctrine\\ORM\\PersistentCollection\0coll";O:43:"Doctrine\\Common\\Collections\\ArrayCollection":1:{s:53:"\0Doctrine\\Common\\Collections\\ArrayCollection\0elements";a:0:{}}s:46:"\0Doctrine\\ORM\\PersistentCollection\0initialized";b:0;}s:29:"\0AppBundle\\Entity\\Serie\0roles";O:33:"Doctrine\\ORM\\PersistentCollection":2:{s:39:"\0Doctrine\\ORM\\PersistentCollection\0coll";O:43:"Doctrine\\Common\\Collections\\ArrayCollection":1:{s:53:"\0Doctrine\\Common\\Collections\\ArrayCollection\0elements";a:0:{}}s:46:"\0Doctrine\\ORM\\PersistentCollection\0initialized";b:0;}s:35:"\0AppBundle\\Entity\\Serie\0realisateur";O:43:"Proxies\\__CG__\\AppBundle\\Entity\\Realisateur":4:{s:17:"__isInitialized__";b:0;s:32:"\0AppBundle\\Entity\\Realisateur\0id";i:8;s:33:"\0AppBundle\\Entity\\Realisateur\0nom";N;s:36:"\0AppBundle\\Entity\\Realisateur\0series";N;}s:31:"\0AppBundle\\Entity\\Serie\0saisons";O:33:"Doctrine\\ORM\\PersistentCollection":2:{s:39:"\0Doctrine\\ORM\\PersistentCollection\0coll";O:43:"Doctrine\\Common\\Collections\\ArrayCollection":1:{s:53:"\0Doctrine\\Common\\Collections\\ArrayCollection\0elements";a:0:{}}s:46:"\0Doctrine\\ORM\\PersistentCollection\0initialized";b:0;}s:33:"\0AppBundle\\Entity\\Serie\0critiques";O:33:"Doctrine\\ORM\\PersistentCollection":2:{s:39:"\0Doctrine\\ORM\\PersistentCollection\0coll";O:43:"Doctrine\\Common\\Collections\\ArrayCollection":1:{s:53:"\0Doctrine\\Common\\Collections\\ArrayCollection\0elements";a:1:{i:0;r:4;}}s:46:"\0Doctrine\\ORM\\PersistentCollection\0initialized";b:0;}s:41:"\0AppBundle\\Entity\\Serie\0auteurProposition";C:43:"Proxies\\__CG__\\AppBundle\\Entity\\Utilisateur":257:{a:13:{i:0;s:60:"$2y$13$niqgdtyiojkw4oks4k48kuvtL/dSE0QEY16kEZqdyeWtK2hqsyki2";i:1;s:31:"niqgdtyiojkw4oks4k48k4848w04soc";i:2;s:4:"john";i:3;s:4:"john";i:4;b:0;i:5;b:0;i:6;b:0;i:7;b:1;i:8;i:4;i:9;N;i:10;N;i:11;s:13:"john@voila.fr";i:12;s:13:"john@voila.fr";}}s:27:"\0AppBundle\\Entity\\Serie\0url";s:87:"http://images.commeaucinema.com/galerie/big/144011_8d85218b4174e6fee6275180fa1a9086.jpg";s:30:"\0AppBundle\\Entity\\Serie\0valide";b:1;}s:33:"\0AppBundle\\Entity\\Critique\0auteur";C:28:"AppBundle\\Entity\\Utilisateur":269:{a:13:{i:0;s:60:"$2y$13$r9k4alqua9wk4owkwgs8ouXoQfkLd9lm1ESn/vCib7LIQ9.jP0WMS";i:1;s:31:"r9k4alqua9wk4owkwgs8o0w0wokwc08";i:2;s:5:"hagen";i:3;s:5:"hagen";i:4;b:0;i:5;b:0;i:6;b:0;i:7;b:1;i:8;i:3;i:9;N;i:10;N;i:11;s:18:"hagen@caramail.com";i:12;s:18:"hagen@caramail.com";}}s:39:"\0AppBundle\\Entity\\Critique\0dateCritique";O:8:"DateTime":3:{s:4:"date";s:26:"2016-09-22 22:13:28.000000";s:13:"timezone_type";i:3;s:8:"timezone";s:3:"UTC";}s:31:"\0AppBundle\\Entity\\Critique\0note";i:0;s:34:"\0AppBundle\\Entity\\Critique\0signale";b:0;}s:4:"date";O:8:"DateTime":3:{s:4:"date";s:26:"2016-09-22 22:13:28.000000";s:13:"timezone_type";i:3;s:8:"timezone";s:3:"UTC";}}i:1;a:3:{s:4:"type";s:6:"acteur";s:5:"cible";O:23:"AppBundle\\Entity\\Acteur":10:{s:27:"\0AppBundle\\Entity\\Acteur\0id";i:7;s:28:"\0AppBundle\\Entity\\Acteur\0nom";s:6:"Walker";s:31:"\0AppBundle\\Entity\\Acteur\0prenom";s:6:"Eamoon";s:30:"\0AppBundle\\Entity\\Acteur\0roles";N;s:36:"\0AppBundle\\Entity\\Acteur\0nationalite";s:10:"Americaine";s:38:"\0AppBundle\\Entity\\Acteur\0dateNaissance";O:8:"DateTime":3:{s:4:"date";s:26:"1959-09-15 00:00:00.000000";s:13:"timezone_type";i:3;s:8:"timezone";s:3:"UTC";}s:42:"\0AppBundle\\Entity\\Acteur\0auteurProposition";C:28:"AppBundle\\Entity\\Utilisateur":269:{a:13:{i:0;s:60:"$2y$13$r9k4alqua9wk4owkwgs8ouXoQfkLd9lm1ESn/vCib7LIQ9.jP0WMS";i:1;s:31:"r9k4alqua9wk4owkwgs8o0w0wokwc08";i:2;s:5:"hagen";i:3;s:5:"hagen";i:4;b:0;i:5;b:0;i:6;b:0;i:7;b:1;i:8;i:3;i:9;N;i:10;N;i:11;s:18:"hagen@caramail.com";i:12;s:18:"hagen@caramail.com";}}s:28:"\0AppBundle\\Entity\\Acteur\0url";s:51:"http://articlebio.com/uploads/bio/eamonn-walker.jpg";s:31:"\0AppBundle\\Entity\\Acteur\0valide";b:0;s:10:"nomComplet";s:13:"Walker Eamoon";}s:4:"date";O:8:"DateTime":3:{s:4:"date";s:26:"2016-09-22 21:43:00.000000";s:13:"timezone_type";i:3;s:8:"timezone";s:3:"UTC";}}i:2;a:3:{s:4:"type";s:8:"critique";s:5:"cible";O:25:"AppBundle\\Entity\\Critique":7:{s:29:"\0AppBundle\\Entity\\Critique\0id";i:3;s:34:"\0AppBundle\\Entity\\Critique\0contenu";s:84:"Série très originale et inventive qui nous plonge dans la face cachée d''''Internet";s:32:"\0AppBundle\\Entity\\Critique\0serie";O:22:"AppBundle\\Entity\\Serie":16:{s:26:"\0AppBundle\\Entity\\Serie\0id";i:3;s:29:"\0AppBundle\\Entity\\Serie\0titre";s:22:"eps1.0_hellofriend.mov";s:28:"\0AppBundle\\Entity\\Serie\0pays";s:10:"Etats-Unis";s:34:"\0AppBundle\\Entity\\Serie\0anneeDebut";O:8:"DateTime":3:{s:4:"date";s:26:"2015-06-10 00:00:00.000000";s:13:"timezone_type";i:3;s:8:"timezone";s:3:"UTC";}s:30:"\0AppBundle\\Entity\\Serie\0status";s:8:"En cours";s:29:"\0AppBundle\\Entity\\Serie\0notes";a:1:{i:0;s:1:"5";}s:33:"\0AppBundle\\Entity\\Serie\0noteSerie";i:5;s:32:"\0AppBundle\\Entity\\Serie\0synopsis";s:280:"Elliot, jeune programmeur, travaille le jour comme ingénieur dans la cybersécurité d''une grande entreprise et s''occupe la nuit à hacker diverses personnes. Seulement, un groupe à l''identité secrète cherche à le recruter pour hacker la société dans laquelle il travaille.";s:31:"\0AppBundle\\Entity\\Serie\0abonnes";O:33:"Doctrine\\ORM\\PersistentCollection":2:{s:39:"\0Doctrine\\ORM\\PersistentCollection\0coll";O:43:"Doctrine\\Common\\Collections\\ArrayCollection":1:{s:53:"\0Doctrine\\Common\\Collections\\ArrayCollection\0elements";a:0:{}}s:46:"\0Doctrine\\ORM\\PersistentCollection\0initialized";b:0;}s:29:"\0AppBundle\\Entity\\Serie\0roles";O:33:"Doctrine\\ORM\\PersistentCollection":2:{s:39:"\0Doctrine\\ORM\\PersistentCollection\0coll";O:43:"Doctrine\\Common\\Collections\\ArrayCollection":1:{s:53:"\0Doctrine\\Common\\Collections\\ArrayCollection\0elements";a:0:{}}s:46:"\0Doctrine\\ORM\\PersistentCollection\0initialized";b:0;}s:35:"\0AppBundle\\Entity\\Serie\0realisateur";O:43:"Proxies\\__CG__\\AppBundle\\Entity\\Realisateur":4:{s:17:"__isInitialized__";b:0;s:32:"\0AppBundle\\Entity\\Realisateur\0id";i:3;s:33:"\0AppBundle\\Entity\\Realisateur\0nom";N;s:36:"\0AppBundle\\Entity\\Realisateur\0series";N;}s:31:"\0AppBundle\\Entity\\Serie\0saisons";O:33:"Doctrine\\ORM\\PersistentCollection":2:{s:39:"\0Doctrine\\ORM\\PersistentCollection\0coll";O:43:"Doctrine\\Common\\Collections\\ArrayCollection":1:{s:53:"\0Doctrine\\Common\\Collections\\ArrayCollection\0elements";a:0:{}}s:46:"\0Doctrine\\ORM\\PersistentCollection\0initialized";b:0;}s:33:"\0AppBundle\\Entity\\Serie\0critiques";O:33:"Doctrine\\ORM\\PersistentCollection":2:{s:39:"\0Doctrine\\ORM\\PersistentCollection\0coll";O:43:"Doctrine\\Common\\Collections\\ArrayCollection":1:{s:53:"\0Doctrine\\Common\\Collections\\ArrayCollection\0elements";a:1:{i:0;r:122;}}s:46:"\0Doctrine\\ORM\\PersistentCollection\0initialized";b:0;}s:41:"\0AppBundle\\Entity\\Serie\0auteurProposition";C:43:"Proxies\\__CG__\\AppBundle\\Entity\\Utilisateur":261:{a:13:{i:0;s:60:"$2y$13$kc7l8qicu40s8sowg08kwOsCUzvuBiioQeBE49uh4c.D.9x4RVU22";i:1;s:31:"kc7l8qicu40s8sowg08kwckok8c04kk";i:2;s:5:"stark";i:3;s:5:"stark";i:4;b:0;i:5;b:0;i:6;b:0;i:7;b:1;i:8;i:2;i:9;N;i:10;N;i:11;s:14:"stark@yahoo.fr";i:12;s:14:"stark@yahoo.fr";}}s:27:"\0AppBundle\\Entity\\Serie\0url";s:43:"http://media.begeek.fr/2015/12/mr-robot.jpg";s:30:"\0AppBundle\\Entity\\Serie\0valide";b:1;}s:33:"\0AppBundle\\Entity\\Critique\0auteur";C:28:"AppBundle\\Entity\\Utilisateur":269:{a:13:{i:0;s:60:"$2y$13$r9k4alqua9wk4owkwgs8ouXoQfkLd9lm1ESn/vCib7LIQ9.jP0WMS";i:1;s:31:"r9k4alqua9wk4owkwgs8o0w0wokwc08";i:2;s:5:"hagen";i:3;s:5:"hagen";i:4;b:0;i:5;b:0;i:6;b:0;i:7;b:1;i:8;i:3;i:9;N;i:10;N;i:11;s:18:"hagen@caramail.com";i:12;s:18:"hagen@caramail.com";}}s:39:"\0AppBundle\\Entity\\Critique\0dateCritique";O:8:"DateTime":3:{s:4:"date";s:26:"2016-09-22 20:11:14.000000";s:13:"timezone_type";i:3;s:8:"timezone";s:3:"UTC";}s:31:"\0AppBundle\\Entity\\Critique\0note";d:2.5;s:34:"\0AppBundle\\Entity\\Critique\0signale";b:0;}s:4:"date";O:8:"DateTime":3:{s:4:"date";s:26:"2016-09-22 20:11:14.000000";s:13:"timezone_type";i:3;s:8:"timezone";s:3:"UTC";}}i:3;a:3:{s:4:"type";s:8:"critique";s:5:"cible";O:25:"AppBundle\\Entity\\Critique":7:{s:29:"\0AppBundle\\Entity\\Critique\0id";i:2;s:34:"\0AppBundle\\Entity\\Critique\0contenu";s:160:"Une immersion immédiate, des scène qui se succèdent, et nous captivent par la nouveauté qu''''apporte ces civilisations scandinaves méconnues du grand public";s:32:"\0AppBundle\\Entity\\Critique\0serie";O:22:"AppBundle\\Entity\\Serie":16:{s:26:"\0AppBundle\\Entity\\Serie\0id";i:2;s:29:"\0AppBundle\\Entity\\Serie\0titre";s:7:"Vikings";s:28:"\0AppBundle\\Entity\\Serie\0pays";s:10:"Etats-Unis";s:34:"\0AppBundle\\Entity\\Serie\0anneeDebut";O:8:"DateTime":3:{s:4:"date";s:26:"2013-04-01 00:00:00.000000";s:13:"timezone_type";i:3;s:8:"timezone";s:3:"UTC";}s:30:"\0AppBundle\\Entity\\Serie\0status";s:8:"En cours";s:29:"\0AppBundle\\Entity\\Serie\0notes";a:0:{}s:33:"\0AppBundle\\Entity\\Serie\0noteSerie";i:0;s:32:"\0AppBundle\\Entity\\Serie\0synopsis";s:77:"La série suit les exploits d''''un groupe de Vikings mené par Ragnar Lothbrok";s:31:"\0AppBundle\\Entity\\Serie\0abonnes";O:33:"Doctrine\\ORM\\PersistentCollection":2:{s:39:"\0Doctrine\\ORM\\PersistentCollection\0coll";O:43:"Doctrine\\Common\\Collections\\ArrayCollection":1:{s:53:"\0Doctrine\\Common\\Collections\\ArrayCollection\0elements";a:0:{}}s:46:"\0Doctrine\\ORM\\PersistentCollection\0initialized";b:0;}s:29:"\0AppBundle\\Entity\\Serie\0roles";O:33:"Doctrine\\ORM\\PersistentCollection":2:{s:39:"\0Doctrine\\ORM\\PersistentCollection\0coll";O:43:"Doctrine\\Common\\Collections\\ArrayCollection":1:{s:53:"\0Doctrine\\Common\\Collections\\ArrayCollection\0elements";a:0:{}}s:46:"\0Doctrine\\ORM\\PersistentCollection\0initialized";b:0;}s:35:"\0AppBundle\\Entity\\Serie\0realisateur";O:43:"Proxies\\__CG__\\AppBundle\\Entity\\Realisateur":4:{s:17:"__isInitialized__";b:0;s:32:"\0AppBundle\\Entity\\Realisateur\0id";i:2;s:33:"\0AppBundle\\Entity\\Realisateur\0nom";N;s:36:"\0AppBundle\\Entity\\Realisateur\0series";N;}s:31:"\0AppBundle\\Entity\\Serie\0saisons";O:33:"Doctrine\\ORM\\PersistentCollection":2:{s:39:"\0Doctrine\\ORM\\PersistentCollection\0coll";O:43:"Doctrine\\Common\\Collections\\ArrayCollection":1:{s:53:"\0Doctrine\\Common\\Collections\\ArrayCollection\0elements";a:0:{}}s:46:"\0Doctrine\\ORM\\PersistentCollection\0initialized";b:0;}s:33:"\0AppBundle\\Entity\\Serie\0critiques";O:33:"Doctrine\\ORM\\PersistentCollection":2:{s:39:"\0Doctrine\\ORM\\PersistentCollection\0coll";O:43:"Doctrine\\Common\\Collections\\ArrayCollection":1:{s:53:"\0Doctrine\\Common\\Collections\\ArrayCollection\0elements";a:1:{i:0;r:204;}}s:46:"\0Doctrine\\ORM\\PersistentCollection\0initialized";b:0;}s:41:"\0AppBundle\\Entity\\Serie\0auteurProposition";C:43:"Proxies\\__CG__\\AppBundle\\Entity\\Utilisateur":261:{a:13:{i:0;s:60:"$2y$13$kc7l8qicu40s8sowg08kwOsCUzvuBiioQeBE49uh4c.D.9x4RVU22";i:1;s:31:"kc7l8qicu40s8sowg08kwckok8c04kk";i:2;s:5:"stark";i:3;s:5:"stark";i:4;b:0;i:5;b:0;i:6;b:0;i:7;b:1;i:8;i:2;i:9;N;i:10;N;i:11;s:14:"stark@yahoo.fr";i:12;s:14:"stark@yahoo.fr";}}s:27:"\0AppBundle\\Entity\\Serie\0url";s:92:"http://www.100hdwallpapers.com/wallpapers/1920x1080/vikings_2013_tv_series-hd_wallpapers.jpg";s:30:"\0AppBundle\\Entity\\Serie\0valide";b:1;}s:33:"\0AppBundle\\Entity\\Critique\0auteur";C:28:"AppBundle\\Entity\\Utilisateur":269:{a:13:{i:0;s:60:"$2y$13$r9k4alqua9wk4owkwgs8ouXoQfkLd9lm1ESn/vCib7LIQ9.jP0WMS";i:1;s:31:"r9k4alqua9wk4owkwgs8o0w0wokwc08";i:2;s:5:"hagen";i:3;s:5:"hagen";i:4;b:0;i:5;b:0;i:6;b:0;i:7;b:1;i:8;i:3;i:9;N;i:10;N;i:11;s:18:"hagen@caramail.com";i:12;s:18:"hagen@caramail.com";}}s:39:"\0AppBundle\\Entity\\Critique\0dateCritique";O:8:"DateTime":3:{s:4:"date";s:26:"2016-09-22 20:10:00.000000";s:13:"timezone_type";i:3;s:8:"timezone";s:3:"UTC";}s:31:"\0AppBundle\\Entity\\Critique\0note";d:2.5;s:34:"\0AppBundle\\Entity\\Critique\0signale";b:0;}s:4:"date";O:8:"DateTime":3:{s:4:"date";s:26:"2016-09-22 20:10:00.000000";s:13:"timezone_type";i:3;s:8:"timezone";s:3:"UTC";}}}', 'a:2:{i:0;i:2;i:1;i:3;}', 'a:5:{i:2;s:1:"0";i:3;s:1:"5";i:6;s:1:"2";i:5;s:1:"1";i:8;s:1:"1";}'),
(4, 'john', 'john', 'john@voila.fr', 'john@voila.fr', 1, 'niqgdtyiojkw4oks4k48k4848w04soc', '$2y$13$niqgdtyiojkw4oks4k48kuvtL/dSE0QEY16kEZqdyeWtK2hqsyki2', '2016-09-22 21:47:43', 0, 0, NULL, NULL, NULL, 'a:0:{}', 0, NULL, 'Doe', 'John', 'john@voila.fr', '1980-10-18 00:00:00', 'Maubeuge', 'john@twitter.com', 'john@facebook.fr', 'https://pbs.twimg.com/profile_images/1816952947/dexter_avatar_2.jpg', 'John', 'Bonjour c''est John ! Je suis très content de m''inscrire sur ce site de référence.', 'a:9:{i:0;a:3:{s:4:"type";s:8:"critique";s:5:"cible";O:25:"AppBundle\\Entity\\Critique":7:{s:29:"\0AppBundle\\Entity\\Critique\0id";i:15;s:34:"\0AppBundle\\Entity\\Critique\0contenu";s:63:"Bof, je n''ai pas trop aimé l''ambiance générale de la série.";s:32:"\0AppBundle\\Entity\\Critique\0serie";O:22:"AppBundle\\Entity\\Serie":16:{s:26:"\0AppBundle\\Entity\\Serie\0id";i:8;s:29:"\0AppBundle\\Entity\\Serie\0titre";s:10:"Les Tudors";s:28:"\0AppBundle\\Entity\\Serie\0pays";s:10:"Etats-Unis";s:34:"\0AppBundle\\Entity\\Serie\0anneeDebut";O:8:"DateTime":3:{s:4:"date";s:26:"2012-05-07 00:00:00.000000";s:13:"timezone_type";i:3;s:8:"timezone";s:3:"UTC";}s:30:"\0AppBundle\\Entity\\Serie\0status";s:8:"En cours";s:29:"\0AppBundle\\Entity\\Serie\0notes";a:1:{i:0;s:1:"2";}s:33:"\0AppBundle\\Entity\\Serie\0noteSerie";i:2;s:32:"\0AppBundle\\Entity\\Serie\0synopsis";s:161:"La série raconte de manière romancée et librement adaptée de la vérité historique, la vie d''Henri VIII d''Angleterre, son règne et ses mariages successifs.";s:31:"\0AppBundle\\Entity\\Serie\0abonnes";O:33:"Doctrine\\ORM\\PersistentCollection":2:{s:39:"\0Doctrine\\ORM\\PersistentCollection\0coll";O:43:"Doctrine\\Common\\Collections\\ArrayCollection":1:{s:53:"\0Doctrine\\Common\\Collections\\ArrayCollection\0elements";a:0:{}}s:46:"\0Doctrine\\ORM\\PersistentCollection\0initialized";b:0;}s:29:"\0AppBundle\\Entity\\Serie\0roles";O:33:"Doctrine\\ORM\\PersistentCollection":2:{s:39:"\0Doctrine\\ORM\\PersistentCollection\0coll";O:43:"Doctrine\\Common\\Collections\\ArrayCollection":1:{s:53:"\0Doctrine\\Common\\Collections\\ArrayCollection\0elements";a:0:{}}s:46:"\0Doctrine\\ORM\\PersistentCollection\0initialized";b:0;}s:35:"\0AppBundle\\Entity\\Serie\0realisateur";O:43:"Proxies\\__CG__\\AppBundle\\Entity\\Realisateur":4:{s:17:"__isInitialized__";b:0;s:32:"\0AppBundle\\Entity\\Realisateur\0id";i:8;s:33:"\0AppBundle\\Entity\\Realisateur\0nom";N;s:36:"\0AppBundle\\Entity\\Realisateur\0series";N;}s:31:"\0AppBundle\\Entity\\Serie\0saisons";O:33:"Doctrine\\ORM\\PersistentCollection":2:{s:39:"\0Doctrine\\ORM\\PersistentCollection\0coll";O:43:"Doctrine\\Common\\Collections\\ArrayCollection":1:{s:53:"\0Doctrine\\Common\\Collections\\ArrayCollection\0elements";a:0:{}}s:46:"\0Doctrine\\ORM\\PersistentCollection\0initialized";b:0;}s:33:"\0AppBundle\\Entity\\Serie\0critiques";O:33:"Doctrine\\ORM\\PersistentCollection":2:{s:39:"\0Doctrine\\ORM\\PersistentCollection\0coll";O:43:"Doctrine\\Common\\Collections\\ArrayCollection":1:{s:53:"\0Doctrine\\Common\\Collections\\ArrayCollection\0elements";a:1:{i:0;r:4;}}s:46:"\0Doctrine\\ORM\\PersistentCollection\0initialized";b:0;}s:41:"\0AppBundle\\Entity\\Serie\0auteurProposition";C:28:"AppBundle\\Entity\\Utilisateur":257:{a:13:{i:0;s:60:"$2y$13$niqgdtyiojkw4oks4k48kuvtL/dSE0QEY16kEZqdyeWtK2hqsyki2";i:1;s:31:"niqgdtyiojkw4oks4k48k4848w04soc";i:2;s:4:"john";i:3;s:4:"john";i:4;b:0;i:5;b:0;i:6;b:0;i:7;b:1;i:8;i:4;i:9;N;i:10;N;i:11;s:13:"john@voila.fr";i:12;s:13:"john@voila.fr";}}s:27:"\0AppBundle\\Entity\\Serie\0url";s:87:"http://images.commeaucinema.com/galerie/big/144011_8d85218b4174e6fee6275180fa1a9086.jpg";s:30:"\0AppBundle\\Entity\\Serie\0valide";b:0;}s:33:"\0AppBundle\\Entity\\Critique\0auteur";r:42;s:39:"\0AppBundle\\Entity\\Critique\0dateCritique";O:8:"DateTime":3:{s:4:"date";s:26:"2016-09-22 22:06:57.000000";s:13:"timezone_type";i:3;s:8:"timezone";s:3:"UTC";}s:31:"\0AppBundle\\Entity\\Critique\0note";i:0;s:34:"\0AppBundle\\Entity\\Critique\0signale";b:0;}s:4:"date";O:8:"DateTime":3:{s:4:"date";s:26:"2016-09-22 22:06:57.000000";s:13:"timezone_type";i:3;s:8:"timezone";s:3:"UTC";}}i:1;a:3:{s:4:"type";s:10:"abonnement";s:5:"cible";O:22:"AppBundle\\Entity\\Serie":16:{s:26:"\0AppBundle\\Entity\\Serie\0id";i:8;s:29:"\0AppBundle\\Entity\\Serie\0titre";s:10:"Les Tudors";s:28:"\0AppBundle\\Entity\\Serie\0pays";s:10:"Etats-Unis";s:34:"\0AppBundle\\Entity\\Serie\0anneeDebut";O:8:"DateTime":3:{s:4:"date";s:26:"2012-05-07 00:00:00.000000";s:13:"timezone_type";i:3;s:8:"timezone";s:3:"UTC";}s:30:"\0AppBundle\\Entity\\Serie\0status";s:8:"En cours";s:29:"\0AppBundle\\Entity\\Serie\0notes";a:0:{}s:33:"\0AppBundle\\Entity\\Serie\0noteSerie";i:0;s:32:"\0AppBundle\\Entity\\Serie\0synopsis";s:161:"La série raconte de manière romancée et librement adaptée de la vérité historique, la vie d''Henri VIII d''Angleterre, son règne et ses mariages successifs.";s:31:"\0AppBundle\\Entity\\Serie\0abonnes";O:33:"Doctrine\\ORM\\PersistentCollection":2:{s:39:"\0Doctrine\\ORM\\PersistentCollection\0coll";O:43:"Doctrine\\Common\\Collections\\ArrayCollection":1:{s:53:"\0Doctrine\\Common\\Collections\\ArrayCollection\0elements";a:1:{i:0;C:28:"AppBundle\\Entity\\Utilisateur":257:{a:13:{i:0;s:60:"$2y$13$niqgdtyiojkw4oks4k48kuvtL/dSE0QEY16kEZqdyeWtK2hqsyki2";i:1;s:31:"niqgdtyiojkw4oks4k48k4848w04soc";i:2;s:4:"john";i:3;s:4:"john";i:4;b:0;i:5;b:0;i:6;b:0;i:7;b:1;i:8;i:4;i:9;N;i:10;N;i:11;s:13:"john@voila.fr";i:12;s:13:"john@voila.fr";}}}}s:46:"\0Doctrine\\ORM\\PersistentCollection\0initialized";b:0;}s:29:"\0AppBundle\\Entity\\Serie\0roles";O:33:"Doctrine\\ORM\\PersistentCollection":2:{s:39:"\0Doctrine\\ORM\\PersistentCollection\0coll";O:43:"Doctrine\\Common\\Collections\\ArrayCollection":1:{s:53:"\0Doctrine\\Common\\Collections\\ArrayCollection\0elements";a:0:{}}s:46:"\0Doctrine\\ORM\\PersistentCollection\0initialized";b:0;}s:35:"\0AppBundle\\Entity\\Serie\0realisateur";O:43:"Proxies\\__CG__\\AppBundle\\Entity\\Realisateur":4:{s:17:"__isInitialized__";b:0;s:32:"\0AppBundle\\Entity\\Realisateur\0id";i:8;s:33:"\0AppBundle\\Entity\\Realisateur\0nom";N;s:36:"\0AppBundle\\Entity\\Realisateur\0series";N;}s:31:"\0AppBundle\\Entity\\Serie\0saisons";O:33:"Doctrine\\ORM\\PersistentCollection":2:{s:39:"\0Doctrine\\ORM\\PersistentCollection\0coll";O:43:"Doctrine\\Common\\Collections\\ArrayCollection":1:{s:53:"\0Doctrine\\Common\\Collections\\ArrayCollection\0elements";a:0:{}}s:46:"\0Doctrine\\ORM\\PersistentCollection\0initialized";b:0;}s:33:"\0AppBundle\\Entity\\Serie\0critiques";O:33:"Doctrine\\ORM\\PersistentCollection":2:{s:39:"\0Doctrine\\ORM\\PersistentCollection\0coll";O:43:"Doctrine\\Common\\Collections\\ArrayCollection":1:{s:53:"\0Doctrine\\Common\\Collections\\ArrayCollection\0elements";a:0:{}}s:46:"\0Doctrine\\ORM\\PersistentCollection\0initialized";b:0;}s:41:"\0AppBundle\\Entity\\Serie\0auteurProposition";r:87;s:27:"\0AppBundle\\Entity\\Serie\0url";s:87:"http://images.commeaucinema.com/galerie/big/144011_8d85218b4174e6fee6275180fa1a9086.jpg";s:30:"\0AppBundle\\Entity\\Serie\0valide";b:0;}s:4:"date";O:8:"DateTime":3:{s:4:"date";s:26:"2016-09-22 22:05:26.000000";s:13:"timezone_type";i:3;s:8:"timezone";s:3:"UTC";}}i:2;a:3:{s:4:"type";s:5:"serie";s:5:"cible";O:22:"AppBundle\\Entity\\Serie":16:{s:26:"\0AppBundle\\Entity\\Serie\0id";i:8;s:29:"\0AppBundle\\Entity\\Serie\0titre";s:10:"Les Tudors";s:28:"\0AppBundle\\Entity\\Serie\0pays";s:10:"Etats-Unis";s:34:"\0AppBundle\\Entity\\Serie\0anneeDebut";O:8:"DateTime":3:{s:4:"date";s:26:"2012-05-07 00:00:00.000000";s:13:"timezone_type";i:3;s:8:"timezone";s:3:"UTC";}s:30:"\0AppBundle\\Entity\\Serie\0status";s:8:"En cours";s:29:"\0AppBundle\\Entity\\Serie\0notes";a:0:{}s:33:"\0AppBundle\\Entity\\Serie\0noteSerie";i:0;s:32:"\0AppBundle\\Entity\\Serie\0synopsis";s:161:"La série raconte de manière romancée et librement adaptée de la vérité historique, la vie d''Henri VIII d''Angleterre, son règne et ses mariages successifs.";s:31:"\0AppBundle\\Entity\\Serie\0abonnes";N;s:29:"\0AppBundle\\Entity\\Serie\0roles";N;s:35:"\0AppBundle\\Entity\\Serie\0realisateur";O:28:"AppBundle\\Entity\\Realisateur":3:{s:32:"\0AppBundle\\Entity\\Realisateur\0id";i:8;s:33:"\0AppBundle\\Entity\\Realisateur\0nom";s:11:"Steve Shill";s:36:"\0AppBundle\\Entity\\Realisateur\0series";O:33:"Doctrine\\ORM\\PersistentCollection":2:{s:39:"\0Doctrine\\ORM\\PersistentCollection\0coll";O:43:"Doctrine\\Common\\Collections\\ArrayCollection":1:{s:53:"\0Doctrine\\Common\\Collections\\ArrayCollection\0elements";a:1:{i:0;r:129;}}s:46:"\0Doctrine\\ORM\\PersistentCollection\0initialized";b:0;}}s:31:"\0AppBundle\\Entity\\Serie\0saisons";O:33:"Doctrine\\ORM\\PersistentCollection":2:{s:39:"\0Doctrine\\ORM\\PersistentCollection\0coll";O:43:"Doctrine\\Common\\Collections\\ArrayCollection":1:{s:53:"\0Doctrine\\Common\\Collections\\ArrayCollection\0elements";a:1:{i:0;O:23:"AppBundle\\Entity\\Saison":4:{s:27:"\0AppBundle\\Entity\\Saison\0id";i:8;s:37:"\0AppBundle\\Entity\\Saison\0denomination";s:8:"Saison 1";s:30:"\0AppBundle\\Entity\\Saison\0serie";r:129;s:33:"\0AppBundle\\Entity\\Saison\0episodes";O:33:"Doctrine\\ORM\\PersistentCollection":2:{s:39:"\0Doctrine\\ORM\\PersistentCollection\0coll";O:43:"Doctrine\\Common\\Collections\\ArrayCollection":1:{s:53:"\0Doctrine\\Common\\Collections\\ArrayCollection\0elements";a:1:{i:0;O:24:"AppBundle\\Entity\\Episode":9:{s:28:"\0AppBundle\\Entity\\Episode\0id";i:12;s:31:"\0AppBundle\\Entity\\Episode\0titre";s:9:"Episode 1";s:31:"\0AppBundle\\Entity\\Episode\0duree";N;s:32:"\0AppBundle\\Entity\\Episode\0resume";N;s:36:"\0AppBundle\\Entity\\Episode\0diffusions";N;s:32:"\0AppBundle\\Entity\\Episode\0saison";r:154;s:43:"\0AppBundle\\Entity\\Episode\0auteurProposition";C:28:"AppBundle\\Entity\\Utilisateur":257:{a:13:{i:0;s:60:"$2y$13$niqgdtyiojkw4oks4k48kuvtL/dSE0QEY16kEZqdyeWtK2hqsyki2";i:1;s:31:"niqgdtyiojkw4oks4k48k4848w04soc";i:2;s:4:"john";i:3;s:4:"john";i:4;b:0;i:5;b:0;i:6;b:0;i:7;b:1;i:8;i:4;i:9;N;i:10;N;i:11;s:13:"john@voila.fr";i:12;s:13:"john@voila.fr";}}s:33:"\0AppBundle\\Entity\\Episode\0viewers";N;s:32:"\0AppBundle\\Entity\\Episode\0valide";b:0;}}}s:46:"\0Doctrine\\ORM\\PersistentCollection\0initialized";b:1;}}}}s:46:"\0Doctrine\\ORM\\PersistentCollection\0initialized";b:1;}s:33:"\0AppBundle\\Entity\\Serie\0critiques";N;s:41:"\0AppBundle\\Entity\\Serie\0auteurProposition";r:168;s:27:"\0AppBundle\\Entity\\Serie\0url";s:87:"http://images.commeaucinema.com/galerie/big/144011_8d85218b4174e6fee6275180fa1a9086.jpg";s:30:"\0AppBundle\\Entity\\Serie\0valide";b:0;}s:4:"date";O:8:"DateTime":3:{s:4:"date";s:26:"2016-09-22 22:05:10.000000";s:13:"timezone_type";i:3;s:8:"timezone";s:3:"UTC";}}i:3;a:3:{s:4:"type";s:7:"episode";s:5:"cible";r:161;s:4:"date";O:8:"DateTime":3:{s:4:"date";s:26:"2016-09-22 22:05:10.000000";s:13:"timezone_type";i:3;s:8:"timezone";s:3:"UTC";}}i:4;a:3:{s:4:"type";s:10:"abonnement";s:5:"cible";O:22:"AppBundle\\Entity\\Serie":16:{s:26:"\0AppBundle\\Entity\\Serie\0id";i:7;s:29:"\0AppBundle\\Entity\\Serie\0titre";s:2:"Oz";s:28:"\0AppBundle\\Entity\\Serie\0pays";s:10:"Etats-Unis";s:34:"\0AppBundle\\Entity\\Serie\0anneeDebut";O:8:"DateTime":3:{s:4:"date";s:26:"2011-05-05 00:00:00.000000";s:13:"timezone_type";i:3;s:8:"timezone";s:3:"UTC";}s:30:"\0AppBundle\\Entity\\Serie\0status";s:9:"Arrêtée";s:29:"\0AppBundle\\Entity\\Serie\0notes";a:1:{i:0;s:1:"2";}s:33:"\0AppBundle\\Entity\\Serie\0noteSerie";i:2;s:32:"\0AppBundle\\Entity\\Serie\0synopsis";s:161:"À Emerald City, un quartier expérimental de la prison d''Oswald, où divers détenus réunis en divers clans sont en semi liberté à l''intérieur du bâtiment.";s:31:"\0AppBundle\\Entity\\Serie\0abonnes";O:33:"Doctrine\\ORM\\PersistentCollection":2:{s:39:"\0Doctrine\\ORM\\PersistentCollection\0coll";O:43:"Doctrine\\Common\\Collections\\ArrayCollection":1:{s:53:"\0Doctrine\\Common\\Collections\\ArrayCollection\0elements";a:1:{i:0;C:28:"AppBundle\\Entity\\Utilisateur":257:{a:13:{i:0;s:60:"$2y$13$niqgdtyiojkw4oks4k48kuvtL/dSE0QEY16kEZqdyeWtK2hqsyki2";i:1;s:31:"niqgdtyiojkw4oks4k48k4848w04soc";i:2;s:4:"john";i:3;s:4:"john";i:4;b:0;i:5;b:0;i:6;b:0;i:7;b:1;i:8;i:4;i:9;N;i:10;N;i:11;s:13:"john@voila.fr";i:12;s:13:"john@voila.fr";}}}}s:46:"\0Doctrine\\ORM\\PersistentCollection\0initialized";b:0;}s:29:"\0AppBundle\\Entity\\Serie\0roles";O:33:"Doctrine\\ORM\\PersistentCollection":2:{s:39:"\0Doctrine\\ORM\\PersistentCollection\0coll";O:43:"Doctrine\\Common\\Collections\\ArrayCollection":1:{s:53:"\0Doctrine\\Common\\Collections\\ArrayCollection\0elements";a:0:{}}s:46:"\0Doctrine\\ORM\\PersistentCollection\0initialized";b:0;}s:35:"\0AppBundle\\Entity\\Serie\0realisateur";O:43:"Proxies\\__CG__\\AppBundle\\Entity\\Realisateur":4:{s:17:"__isInitialized__";b:0;s:32:"\0AppBundle\\Entity\\Realisateur\0id";i:7;s:33:"\0AppBundle\\Entity\\Realisateur\0nom";N;s:36:"\0AppBundle\\Entity\\Realisateur\0series";N;}s:31:"\0AppBundle\\Entity\\Serie\0saisons";O:33:"Doctrine\\ORM\\PersistentCollection":2:{s:39:"\0Doctrine\\ORM\\PersistentCollection\0coll";O:43:"Doctrine\\Common\\Collections\\ArrayCollection":1:{s:53:"\0Doctrine\\Common\\Collections\\ArrayCollection\0elements";a:0:{}}s:46:"\0Doctrine\\ORM\\PersistentCollection\0initialized";b:0;}s:33:"\0AppBundle\\Entity\\Serie\0critiques";O:33:"Doctrine\\ORM\\PersistentCollection":2:{s:39:"\0Doctrine\\ORM\\PersistentCollection\0coll";O:43:"Doctrine\\Common\\Collections\\ArrayCollection":1:{s:53:"\0Doctrine\\Common\\Collections\\ArrayCollection\0elements";a:0:{}}s:46:"\0Doctrine\\ORM\\PersistentCollection\0initialized";b:0;}s:41:"\0AppBundle\\Entity\\Serie\0auteurProposition";C:43:"Proxies\\__CG__\\AppBundle\\Entity\\Utilisateur":273:{a:13:{i:0;s:60:"$2y$13$8tkf3m2c0tgkkkcwc8w88e4yNtYREKOY5b5jyUsmJIETRHUx7PdRq";i:1;s:31:"8tkf3m2c0tgkkkcwc8w88gwg4sgggw0";i:2;s:8:"vandamme";i:3;s:8:"vandamme";i:4;b:0;i:5;b:0;i:6;b:0;i:7;b:1;i:8;i:5;i:9;N;i:10;N;i:11;s:17:"vandamme@yahoo.fr";i:12;s:17:"vandamme@yahoo.fr";}}s:27:"\0AppBundle\\Entity\\Serie\0url";s:49:"http://i80.servimg.com/u/f80/11/00/17/30/oz10.jpg";s:30:"\0AppBundle\\Entity\\Serie\0valide";b:1;}s:4:"date";O:8:"DateTime":3:{s:4:"date";s:26:"2016-09-22 21:51:59.000000";s:13:"timezone_type";i:3;s:8:"timezone";s:3:"UTC";}}i:5;a:3:{s:4:"type";s:8:"critique";s:5:"cible";O:25:"AppBundle\\Entity\\Critique":7:{s:29:"\0AppBundle\\Entity\\Critique\0id";i:14;s:34:"\0AppBundle\\Entity\\Critique\0contenu";s:138:"Une série réaliste et criante de vérité. Les métaphores racontées par le narrateur sur un ton ironique sont totalement jubilatoires.";s:32:"\0AppBundle\\Entity\\Critique\0serie";O:22:"AppBundle\\Entity\\Serie":16:{s:26:"\0AppBundle\\Entity\\Serie\0id";i:7;s:29:"\0AppBundle\\Entity\\Serie\0titre";s:2:"Oz";s:28:"\0AppBundle\\Entity\\Serie\0pays";s:10:"Etats-Unis";s:34:"\0AppBundle\\Entity\\Serie\0anneeDebut";O:8:"DateTime":3:{s:4:"date";s:26:"2011-05-05 00:00:00.000000";s:13:"timezone_type";i:3;s:8:"timezone";s:3:"UTC";}s:30:"\0AppBundle\\Entity\\Serie\0status";s:9:"Arrêtée";s:29:"\0AppBundle\\Entity\\Serie\0notes";a:1:{i:0;s:1:"2";}s:33:"\0AppBundle\\Entity\\Serie\0noteSerie";i:2;s:32:"\0AppBundle\\Entity\\Serie\0synopsis";s:161:"À Emerald City, un quartier expérimental de la prison d''Oswald, où divers détenus réunis en divers clans sont en semi liberté à l''intérieur du bâtiment.";s:31:"\0AppBundle\\Entity\\Serie\0abonnes";O:33:"Doctrine\\ORM\\PersistentCollection":2:{s:39:"\0Doctrine\\ORM\\PersistentCollection\0coll";O:43:"Doctrine\\Common\\Collections\\ArrayCollection":1:{s:53:"\0Doctrine\\Common\\Collections\\ArrayCollection\0elements";a:0:{}}s:46:"\0Doctrine\\ORM\\PersistentCollection\0initialized";b:0;}s:29:"\0AppBundle\\Entity\\Serie\0roles";O:33:"Doctrine\\ORM\\PersistentCollection":2:{s:39:"\0Doctrine\\ORM\\PersistentCollection\0coll";O:43:"Doctrine\\Common\\Collections\\ArrayCollection":1:{s:53:"\0Doctrine\\Common\\Collections\\ArrayCollection\0elements";a:0:{}}s:46:"\0Doctrine\\ORM\\PersistentCollection\0initialized";b:0;}s:35:"\0AppBundle\\Entity\\Serie\0realisateur";O:43:"Proxies\\__CG__\\AppBundle\\Entity\\Realisateur":4:{s:17:"__isInitialized__";b:0;s:32:"\0AppBundle\\Entity\\Realisateur\0id";i:7;s:33:"\0AppBundle\\Entity\\Realisateur\0nom";N;s:36:"\0AppBundle\\Entity\\Realisateur\0series";N;}s:31:"\0AppBundle\\Entity\\Serie\0saisons";O:33:"Doctrine\\ORM\\PersistentCollection":2:{s:39:"\0Doctrine\\ORM\\PersistentCollection\0coll";O:43:"Doctrine\\Common\\Collections\\ArrayCollection":1:{s:53:"\0Doctrine\\Common\\Collections\\ArrayCollection\0elements";a:0:{}}s:46:"\0Doctrine\\ORM\\PersistentCollection\0initialized";b:0;}s:33:"\0AppBundle\\Entity\\Serie\0critiques";O:33:"Doctrine\\ORM\\PersistentCollection":2:{s:39:"\0Doctrine\\ORM\\PersistentCollection\0coll";O:43:"Doctrine\\Common\\Collections\\ArrayCollection":1:{s:53:"\0Doctrine\\Common\\Collections\\ArrayCollection\0elements";a:1:{i:0;r:276;}}s:46:"\0Doctrine\\ORM\\PersistentCollection\0initialized";b:0;}s:41:"\0AppBundle\\Entity\\Serie\0auteurProposition";C:43:"Proxies\\__CG__\\AppBundle\\Entity\\Utilisateur":273:{a:13:{i:0;s:60:"$2y$13$8tkf3m2c0tgkkkcwc8w88e4yNtYREKOY5b5jyUsmJIETRHUx7PdRq";i:1;s:31:"8tkf3m2c0tgkkkcwc8w88gwg4sgggw0";i:2;s:8:"vandamme";i:3;s:8:"vandamme";i:4;b:0;i:5;b:0;i:6;b:0;i:7;b:1;i:8;i:5;i:9;N;i:10;N;i:11;s:17:"vandamme@yahoo.fr";i:12;s:17:"vandamme@yahoo.fr";}}s:27:"\0AppBundle\\Entity\\Serie\0url";s:49:"http://i80.servimg.com/u/f80/11/00/17/30/oz10.jpg";s:30:"\0AppBundle\\Entity\\Serie\0valide";b:1;}s:33:"\0AppBundle\\Entity\\Critique\0auteur";C:28:"AppBundle\\Entity\\Utilisateur":257:{a:13:{i:0;s:60:"$2y$13$niqgdtyiojkw4oks4k48kuvtL/dSE0QEY16kEZqdyeWtK2hqsyki2";i:1;s:31:"niqgdtyiojkw4oks4k48k4848w04soc";i:2;s:4:"john";i:3;s:4:"john";i:4;b:0;i:5;b:0;i:6;b:0;i:7;b:1;i:8;i:4;i:9;N;i:10;N;i:11;s:13:"john@voila.fr";i:12;s:13:"john@voila.fr";}}s:39:"\0AppBundle\\Entity\\Critique\0dateCritique";O:8:"DateTime":3:{s:4:"date";s:26:"2016-09-22 21:51:50.000000";s:13:"timezone_type";i:3;s:8:"timezone";s:3:"UTC";}s:31:"\0AppBundle\\Entity\\Critique\0note";d:2.5;s:34:"\0AppBundle\\Entity\\Critique\0signale";b:0;}s:4:"date";O:8:"DateTime":3:{s:4:"date";s:26:"2016-09-22 21:51:50.000000";s:13:"timezone_type";i:3;s:8:"timezone";s:3:"UTC";}}i:6;a:3:{s:4:"type";s:10:"abonnement";s:5:"cible";O:22:"AppBundle\\Entity\\Serie":16:{s:26:"\0AppBundle\\Entity\\Serie\0id";i:3;s:29:"\0AppBundle\\Entity\\Serie\0titre";s:9:"Mr.Robots";s:28:"\0AppBundle\\Entity\\Serie\0pays";s:10:"Etats-Unis";s:34:"\0AppBundle\\Entity\\Serie\0anneeDebut";O:8:"DateTime":3:{s:4:"date";s:26:"2015-06-10 00:00:00.000000";s:13:"timezone_type";i:3;s:8:"timezone";s:3:"UTC";}s:30:"\0AppBundle\\Entity\\Serie\0status";s:8:"En cours";s:29:"\0AppBundle\\Entity\\Serie\0notes";a:1:{i:0;s:1:"5";}s:33:"\0AppBundle\\Entity\\Serie\0noteSerie";i:5;s:32:"\0AppBundle\\Entity\\Serie\0synopsis";s:280:"Elliot, jeune programmeur, travaille le jour comme ingénieur dans la cybersécurité d''une grande entreprise et s''occupe la nuit à hacker diverses personnes. Seulement, un groupe à l''identité secrète cherche à le recruter pour hacker la société dans laquelle il travaille.";s:31:"\0AppBundle\\Entity\\Serie\0abonnes";O:33:"Doctrine\\ORM\\PersistentCollection":2:{s:39:"\0Doctrine\\ORM\\PersistentCollection\0coll";O:43:"Doctrine\\Common\\Collections\\ArrayCollection":1:{s:53:"\0Doctrine\\Common\\Collections\\ArrayCollection\0elements";a:1:{i:0;C:28:"AppBundle\\Entity\\Utilisateur":257:{a:13:{i:0;s:60:"$2y$13$niqgdtyiojkw4oks4k48kuvtL/dSE0QEY16kEZqdyeWtK2hqsyki2";i:1;s:31:"niqgdtyiojkw4oks4k48k4848w04soc";i:2;s:4:"john";i:3;s:4:"john";i:4;b:0;i:5;b:0;i:6;b:0;i:7;b:1;i:8;i:4;i:9;N;i:10;N;i:11;s:13:"john@voila.fr";i:12;s:13:"john@voila.fr";}}}}s:46:"\0Doctrine\\ORM\\PersistentCollection\0initialized";b:0;}s:29:"\0AppBundle\\Entity\\Serie\0roles";O:33:"Doctrine\\ORM\\PersistentCollection":2:{s:39:"\0Doctrine\\ORM\\PersistentCollection\0coll";O:43:"Doctrine\\Common\\Collections\\ArrayCollection":1:{s:53:"\0Doctrine\\Common\\Collections\\ArrayCollection\0elements";a:0:{}}s:46:"\0Doctrine\\ORM\\PersistentCollection\0initialized";b:0;}s:35:"\0AppBundle\\Entity\\Serie\0realisateur";O:43:"Proxies\\__CG__\\AppBundle\\Entity\\Realisateur":4:{s:17:"__isInitialized__";b:0;s:32:"\0AppBundle\\Entity\\Realisateur\0id";i:3;s:33:"\0AppBundle\\Entity\\Realisateur\0nom";N;s:36:"\0AppBundle\\Entity\\Realisateur\0series";N;}s:31:"\0AppBundle\\Entity\\Serie\0saisons";O:33:"Doctrine\\ORM\\PersistentCollection":2:{s:39:"\0Doctrine\\ORM\\PersistentCollection\0coll";O:43:"Doctrine\\Common\\Collections\\ArrayCollection":1:{s:53:"\0Doctrine\\Common\\Collections\\ArrayCollection\0elements";a:0:{}}s:46:"\0Doctrine\\ORM\\PersistentCollection\0initialized";b:0;}s:33:"\0AppBundle\\Entity\\Serie\0critiques";O:33:"Doctrine\\ORM\\PersistentCollection":2:{s:39:"\0Doctrine\\ORM\\PersistentCollection\0coll";O:43:"Doctrine\\Common\\Collections\\ArrayCollection":1:{s:53:"\0Doctrine\\Common\\Collections\\ArrayCollection\0elements";a:0:{}}s:46:"\0Doctrine\\ORM\\PersistentCollection\0initialized";b:0;}s:41:"\0AppBundle\\Entity\\Serie\0auteurProposition";C:43:"Proxies\\__CG__\\AppBundle\\Entity\\Utilisateur":261:{a:13:{i:0;s:60:"$2y$13$kc7l8qicu40s8sowg08kwOsCUzvuBiioQeBE49uh4c.D.9x4RVU22";i:1;s:31:"kc7l8qicu40s8sowg08kwckok8c04kk";i:2;s:5:"stark";i:3;s:5:"stark";i:4;b:0;i:5;b:0;i:6;b:0;i:7;b:1;i:8;i:2;i:9;N;i:10;N;i:11;s:14:"stark@yahoo.fr";i:12;s:14:"stark@yahoo.fr";}}s:27:"\0AppBundle\\Entity\\Serie\0url";s:43:"http://media.begeek.fr/2015/12/mr-robot.jpg";s:30:"\0AppBundle\\Entity\\Serie\0valide";b:1;}s:4:"date";O:8:"DateTime":3:{s:4:"date";s:26:"2016-09-22 21:50:35.000000";s:13:"timezone_type";i:3;s:8:"timezone";s:3:"UTC";}}i:7;a:3:{s:4:"type";s:8:"critique";s:5:"cible";O:25:"AppBundle\\Entity\\Critique":7:{s:29:"\0AppBundle\\Entity\\Critique\0id";i:13;s:34:"\0AppBundle\\Entity\\Critique\0contenu";s:124:"Série totalement plombée par son acteur principal qui a oublié de prendre des leçons et qui joue vraiment comme un pied.";s:32:"\0AppBundle\\Entity\\Critique\0serie";O:22:"AppBundle\\Entity\\Serie":16:{s:26:"\0AppBundle\\Entity\\Serie\0id";i:4;s:29:"\0AppBundle\\Entity\\Serie\0titre";s:20:"Battlestar Galactica";s:28:"\0AppBundle\\Entity\\Serie\0pays";s:10:"Etats-Unis";s:34:"\0AppBundle\\Entity\\Serie\0anneeDebut";O:8:"DateTime":3:{s:4:"date";s:26:"2011-03-09 00:00:00.000000";s:13:"timezone_type";i:3;s:8:"timezone";s:3:"UTC";}s:30:"\0AppBundle\\Entity\\Serie\0status";s:9:"Arrêtée";s:29:"\0AppBundle\\Entity\\Serie\0notes";a:3:{i:0;s:1:"1";i:1;s:1:"3";i:2;s:1:"1";}s:33:"\0AppBundle\\Entity\\Serie\0noteSerie";i:1;s:32:"\0AppBundle\\Entity\\Serie\0synopsis";s:214:"Les Cylons, robots humanoïdes créés par les humains et dont ils sont devenus les ennemis jurés, ont complètement disparu de l''univers connu depuis la signature d''une trêve une quarantaine d''années plus tôt.";s:31:"\0AppBundle\\Entity\\Serie\0abonnes";O:33:"Doctrine\\ORM\\PersistentCollection":2:{s:39:"\0Doctrine\\ORM\\PersistentCollection\0coll";O:43:"Doctrine\\Common\\Collections\\ArrayCollection":1:{s:53:"\0Doctrine\\Common\\Collections\\ArrayCollection\0elements";a:0:{}}s:46:"\0Doctrine\\ORM\\PersistentCollection\0initialized";b:0;}s:29:"\0AppBundle\\Entity\\Serie\0roles";O:33:"Doctrine\\ORM\\PersistentCollection":2:{s:39:"\0Doctrine\\ORM\\PersistentCollection\0coll";O:43:"Doctrine\\Common\\Collections\\ArrayCollection":1:{s:53:"\0Doctrine\\Common\\Collections\\ArrayCollection\0elements";a:0:{}}s:46:"\0Doctrine\\ORM\\PersistentCollection\0initialized";b:0;}s:35:"\0AppBundle\\Entity\\Serie\0realisateur";O:43:"Proxies\\__CG__\\AppBundle\\Entity\\Realisateur":4:{s:17:"__isInitialized__";b:0;s:32:"\0AppBundle\\Entity\\Realisateur\0id";i:2;s:33:"\0AppBundle\\Entity\\Realisateur\0nom";N;s:36:"\0AppBundle\\Entity\\Realisateur\0series";N;}s:31:"\0AppBundle\\Entity\\Serie\0saisons";O:33:"Doctrine\\ORM\\PersistentCollection":2:{s:39:"\0Doctrine\\ORM\\PersistentCollection\0coll";O:43:"Doctrine\\Common\\Collections\\ArrayCollection":1:{s:53:"\0Doctrine\\Common\\Collections\\ArrayCollection\0elements";a:0:{}}s:46:"\0Doctrine\\ORM\\PersistentCollection\0initialized";b:0;}s:33:"\0AppBundle\\Entity\\Serie\0critiques";O:33:"Doctrine\\ORM\\PersistentCollection":2:{s:39:"\0Doctrine\\ORM\\PersistentCollection\0coll";O:43:"Doctrine\\Common\\Collections\\ArrayCollection":1:{s:53:"\0Doctrine\\Common\\Collections\\ArrayCollection\0elements";a:1:{i:0;r:430;}}s:46:"\0Doctrine\\ORM\\PersistentCollection\0initialized";b:0;}s:41:"\0AppBundle\\Entity\\Serie\0auteurProposition";C:43:"Proxies\\__CG__\\AppBundle\\Entity\\Utilisateur":261:{a:13:{i:0;s:60:"$2y$13$kc7l8qicu40s8sowg08kwOsCUzvuBiioQeBE49uh4c.D.9x4RVU22";i:1;s:31:"kc7l8qicu40s8sowg08kwckok8c04kk";i:2;s:5:"stark";i:3;s:5:"stark";i:4;b:0;i:5;b:0;i:6;b:0;i:7;b:1;i:8;i:2;i:9;N;i:10;N;i:11;s:14:"stark@yahoo.fr";i:12;s:14:"stark@yahoo.fr";}}s:27:"\0AppBundle\\Entity\\Serie\0url";s:78:"http://coulissesmedias.com/wp-content/uploads/2014/04/battlestar-galactica.jpg";s:30:"\0AppBundle\\Entity\\Serie\0valide";b:1;}s:33:"\0AppBundle\\Entity\\Critique\0auteur";C:28:"AppBundle\\Entity\\Utilisateur":257:{a:13:{i:0;s:60:"$2y$13$niqgdtyiojkw4oks4k48kuvtL/dSE0QEY16kEZqdyeWtK2hqsyki2";i:1;s:31:"niqgdtyiojkw4oks4k48k4848w04soc";i:2;s:4:"john";i:3;s:4:"john";i:4;b:0;i:5;b:0;i:6;b:0;i:7;b:1;i:8;i:4;i:9;N;i:10;N;i:11;s:13:"john@voila.fr";i:12;s:13:"john@voila.fr";}}s:39:"\0AppBundle\\Entity\\Critique\0dateCritique";O:8:"DateTime":3:{s:4:"date";s:26:"2016-09-22 21:50:05.000000";s:13:"timezone_type";i:3;s:8:"timezone";s:3:"UTC";}s:31:"\0AppBundle\\Entity\\Critique\0note";d:2.5;s:34:"\0AppBundle\\Entity\\Critique\0signale";b:0;}s:4:"date";O:8:"DateTime":3:{s:4:"date";s:26:"2016-09-22 21:50:05.000000";s:13:"timezone_type";i:3;s:8:"timezone";s:3:"UTC";}}i:8;a:3:{s:4:"type";s:8:"critique";s:5:"cible";O:25:"AppBundle\\Entity\\Critique":7:{s:29:"\0AppBundle\\Entity\\Critique\0id";i:12;s:34:"\0AppBundle\\Entity\\Critique\0contenu";s:79:"Excellente série où l''on suit les aventures passionnantes de ce jeune hacker.";s:32:"\0AppBundle\\Entity\\Critique\0serie";O:22:"AppBundle\\Entity\\Serie":16:{s:26:"\0AppBundle\\Entity\\Serie\0id";i:3;s:29:"\0AppBundle\\Entity\\Serie\0titre";s:9:"Mr.Robots";s:28:"\0AppBundle\\Entity\\Serie\0pays";s:10:"Etats-Unis";s:34:"\0AppBundle\\Entity\\Serie\0anneeDebut";O:8:"DateTime":3:{s:4:"date";s:26:"2015-06-10 00:00:00.000000";s:13:"timezone_type";i:3;s:8:"timezone";s:3:"UTC";}s:30:"\0AppBundle\\Entity\\Serie\0status";s:8:"En cours";s:29:"\0AppBundle\\Entity\\Serie\0notes";a:1:{i:0;s:1:"5";}s:33:"\0AppBundle\\Entity\\Serie\0noteSerie";i:5;s:32:"\0AppBundle\\Entity\\Serie\0synopsis";s:280:"Elliot, jeune programmeur, travaille le jour comme ingénieur dans la cybersécurité d''une grande entreprise et s''occupe la nuit à hacker diverses personnes. Seulement, un groupe à l''identité secrète cherche à le recruter pour hacker la société dans laquelle il travaille.";s:31:"\0AppBundle\\Entity\\Serie\0abonnes";O:33:"Doctrine\\ORM\\PersistentCollection":2:{s:39:"\0Doctrine\\ORM\\PersistentCollection\0coll";O:43:"Doctrine\\Common\\Collections\\ArrayCollection":1:{s:53:"\0Doctrine\\Common\\Collections\\ArrayCollection\0elements";a:0:{}}s:46:"\0Doctrine\\ORM\\PersistentCollection\0initialized";b:0;}s:29:"\0AppBundle\\Entity\\Serie\0roles";O:33:"Doctrine\\ORM\\PersistentCollection":2:{s:39:"\0Doctrine\\ORM\\PersistentCollection\0coll";O:43:"Doctrine\\Common\\Collections\\ArrayCollection":1:{s:53:"\0Doctrine\\Common\\Collections\\ArrayCollection\0elements";a:0:{}}s:46:"\0Doctrine\\ORM\\PersistentCollection\0initialized";b:0;}s:35:"\0AppBundle\\Entity\\Serie\0realisateur";O:43:"Proxies\\__CG__\\AppBundle\\Entity\\Realisateur":4:{s:17:"__isInitialized__";b:0;s:32:"\0AppBundle\\Entity\\Realisateur\0id";i:3;s:33:"\0AppBundle\\Entity\\Realisateur\0nom";N;s:36:"\0AppBundle\\Entity\\Realisateur\0series";N;}s:31:"\0AppBundle\\Entity\\Serie\0saisons";O:33:"Doctrine\\ORM\\PersistentCollection":2:{s:39:"\0Doctrine\\ORM\\PersistentCollection\0coll";O:43:"Doctrine\\Common\\Collections\\ArrayCollection":1:{s:53:"\0Doctrine\\Common\\Collections\\ArrayCollection\0elements";a:0:{}}s:46:"\0Doctrine\\ORM\\PersistentCollection\0initialized";b:0;}s:33:"\0AppBundle\\Entity\\Serie\0critiques";O:33:"Doctrine\\ORM\\PersistentCollection":2:{s:39:"\0Doctrine\\ORM\\PersistentCollection\0coll";O:43:"Doctrine\\Common\\Collections\\ArrayCollection":1:{s:53:"\0Doctrine\\Common\\Collections\\ArrayCollection\0elements";a:1:{i:0;r:514;}}s:46:"\0Doctrine\\ORM\\PersistentCollection\0initialized";b:0;}s:41:"\0AppBundle\\Entity\\Serie\0auteurProposition";C:43:"Proxies\\__CG__\\AppBundle\\Entity\\Utilisateur":261:{a:13:{i:0;s:60:"$2y$13$kc7l8qicu40s8sowg08kwOsCUzvuBiioQeBE49uh4c.D.9x4RVU22";i:1;s:31:"kc7l8qicu40s8sowg08kwckok8c04kk";i:2;s:5:"stark";i:3;s:5:"stark";i:4;b:0;i:5;b:0;i:6;b:0;i:7;b:1;i:8;i:2;i:9;N;i:10;N;i:11;s:14:"stark@yahoo.fr";i:12;s:14:"stark@yahoo.fr";}}s:27:"\0AppBundle\\Entity\\Serie\0url";s:43:"http://media.begeek.fr/2015/12/mr-robot.jpg";s:30:"\0AppBundle\\Entity\\Serie\0valide";b:1;}s:33:"\0AppBundle\\Entity\\Critique\0auteur";C:28:"AppBundle\\Entity\\Utilisateur":257:{a:13:{i:0;s:60:"$2y$13$niqgdtyiojkw4oks4k48kuvtL/dSE0QEY16kEZqdyeWtK2hqsyki2";i:1;s:31:"niqgdtyiojkw4oks4k48k4848w04soc";i:2;s:4:"john";i:3;s:4:"john";i:4;b:0;i:5;b:0;i:6;b:0;i:7;b:1;i:8;i:4;i:9;N;i:10;N;i:11;s:13:"john@voila.fr";i:12;s:13:"john@voila.fr";}}s:39:"\0AppBundle\\Entity\\Critique\0dateCritique";O:8:"DateTime":3:{s:4:"date";s:26:"2016-09-22 21:48:37.000000";s:13:"timezone_type";i:3;s:8:"timezone";s:3:"UTC";}s:31:"\0AppBundle\\Entity\\Critique\0note";d:2.5;s:34:"\0AppBundle\\Entity\\Critique\0signale";b:0;}s:4:"date";O:8:"DateTime":3:{s:4:"date";s:26:"2016-09-22 21:48:37.000000";s:13:"timezone_type";i:3;s:8:"timezone";s:3:"UTC";}}}', 'a:2:{i:0;i:3;i:1;i:12;}', 'a:2:{i:4;s:1:"1";i:8;s:1:"2";}');
INSERT INTO `utilisateur` (`id`, `username`, `username_canonical`, `email`, `email_canonical`, `enabled`, `salt`, `password`, `last_login`, `locked`, `expired`, `expires_at`, `confirmation_token`, `password_requested_at`, `roles`, `credentials_expired`, `credentials_expire_at`, `Nom`, `Prenom`, `Mail`, `Date_naissance`, `Ville`, `Twitter`, `Facebook`, `Avatar`, `Signature`, `Description`, `activite`, `Votes_critiques`, `Votes_series`) VALUES
(5, 'vandamme', 'vandamme', 'vandamme@yahoo.fr', 'vandamme@yahoo.fr', 1, '8tkf3m2c0tgkkkcwc8w88gwg4sgggw0', '$2y$13$8tkf3m2c0tgkkkcwc8w88e4yNtYREKOY5b5jyUsmJIETRHUx7PdRq', '2016-09-22 21:19:46', 0, 0, NULL, NULL, NULL, 'a:0:{}', 0, NULL, 'Vandamme', 'Jean-Claude', 'vandamme@yahoo.fr', '1980-10-18 00:00:00', 'Cholet', 'vandamme@twitter.com', 'vandamme@facebook.fr', 'http://www.digyourowngrave.com/content/van_damme_scream.jpg', 'Vandamme', 'I''m aware !', 'a:6:{i:0;a:3:{s:4:"type";s:8:"critique";s:5:"cible";O:25:"AppBundle\\Entity\\Critique":7:{s:29:"\0AppBundle\\Entity\\Critique\0id";i:11;s:34:"\0AppBundle\\Entity\\Critique\0contenu";s:66:"Un concept intéressant mais série trop violente et trop glauque.";s:32:"\0AppBundle\\Entity\\Critique\0serie";O:22:"AppBundle\\Entity\\Serie":16:{s:26:"\0AppBundle\\Entity\\Serie\0id";i:7;s:29:"\0AppBundle\\Entity\\Serie\0titre";s:2:"Oz";s:28:"\0AppBundle\\Entity\\Serie\0pays";s:10:"Etats-Unis";s:34:"\0AppBundle\\Entity\\Serie\0anneeDebut";O:8:"DateTime":3:{s:4:"date";s:26:"2011-05-05 00:00:00.000000";s:13:"timezone_type";i:3;s:8:"timezone";s:3:"UTC";}s:30:"\0AppBundle\\Entity\\Serie\0status";s:9:"Arrêtée";s:29:"\0AppBundle\\Entity\\Serie\0notes";a:1:{i:0;s:1:"2";}s:33:"\0AppBundle\\Entity\\Serie\0noteSerie";i:2;s:32:"\0AppBundle\\Entity\\Serie\0synopsis";s:161:"À Emerald City, un quartier expérimental de la prison d''Oswald, où divers détenus réunis en divers clans sont en semi liberté à l''intérieur du bâtiment.";s:31:"\0AppBundle\\Entity\\Serie\0abonnes";O:33:"Doctrine\\ORM\\PersistentCollection":2:{s:39:"\0Doctrine\\ORM\\PersistentCollection\0coll";O:43:"Doctrine\\Common\\Collections\\ArrayCollection":1:{s:53:"\0Doctrine\\Common\\Collections\\ArrayCollection\0elements";a:0:{}}s:46:"\0Doctrine\\ORM\\PersistentCollection\0initialized";b:0;}s:29:"\0AppBundle\\Entity\\Serie\0roles";O:33:"Doctrine\\ORM\\PersistentCollection":2:{s:39:"\0Doctrine\\ORM\\PersistentCollection\0coll";O:43:"Doctrine\\Common\\Collections\\ArrayCollection":1:{s:53:"\0Doctrine\\Common\\Collections\\ArrayCollection\0elements";a:0:{}}s:46:"\0Doctrine\\ORM\\PersistentCollection\0initialized";b:0;}s:35:"\0AppBundle\\Entity\\Serie\0realisateur";O:43:"Proxies\\__CG__\\AppBundle\\Entity\\Realisateur":4:{s:17:"__isInitialized__";b:0;s:32:"\0AppBundle\\Entity\\Realisateur\0id";i:7;s:33:"\0AppBundle\\Entity\\Realisateur\0nom";N;s:36:"\0AppBundle\\Entity\\Realisateur\0series";N;}s:31:"\0AppBundle\\Entity\\Serie\0saisons";O:33:"Doctrine\\ORM\\PersistentCollection":2:{s:39:"\0Doctrine\\ORM\\PersistentCollection\0coll";O:43:"Doctrine\\Common\\Collections\\ArrayCollection":1:{s:53:"\0Doctrine\\Common\\Collections\\ArrayCollection\0elements";a:0:{}}s:46:"\0Doctrine\\ORM\\PersistentCollection\0initialized";b:0;}s:33:"\0AppBundle\\Entity\\Serie\0critiques";O:33:"Doctrine\\ORM\\PersistentCollection":2:{s:39:"\0Doctrine\\ORM\\PersistentCollection\0coll";O:43:"Doctrine\\Common\\Collections\\ArrayCollection":1:{s:53:"\0Doctrine\\Common\\Collections\\ArrayCollection\0elements";a:1:{i:0;r:4;}}s:46:"\0Doctrine\\ORM\\PersistentCollection\0initialized";b:0;}s:41:"\0AppBundle\\Entity\\Serie\0auteurProposition";C:28:"AppBundle\\Entity\\Utilisateur":273:{a:13:{i:0;s:60:"$2y$13$8tkf3m2c0tgkkkcwc8w88e4yNtYREKOY5b5jyUsmJIETRHUx7PdRq";i:1;s:31:"8tkf3m2c0tgkkkcwc8w88gwg4sgggw0";i:2;s:8:"vandamme";i:3;s:8:"vandamme";i:4;b:0;i:5;b:0;i:6;b:0;i:7;b:1;i:8;i:5;i:9;N;i:10;N;i:11;s:17:"vandamme@yahoo.fr";i:12;s:17:"vandamme@yahoo.fr";}}s:27:"\0AppBundle\\Entity\\Serie\0url";s:49:"http://i80.servimg.com/u/f80/11/00/17/30/oz10.jpg";s:30:"\0AppBundle\\Entity\\Serie\0valide";b:0;}s:33:"\0AppBundle\\Entity\\Critique\0auteur";r:42;s:39:"\0AppBundle\\Entity\\Critique\0dateCritique";O:8:"DateTime":3:{s:4:"date";s:26:"2016-09-22 21:38:48.000000";s:13:"timezone_type";i:3;s:8:"timezone";s:3:"UTC";}s:31:"\0AppBundle\\Entity\\Critique\0note";d:2.5;s:34:"\0AppBundle\\Entity\\Critique\0signale";b:0;}s:4:"date";O:8:"DateTime":3:{s:4:"date";s:26:"2016-09-22 21:38:48.000000";s:13:"timezone_type";i:3;s:8:"timezone";s:3:"UTC";}}i:1;a:3:{s:4:"type";s:5:"serie";s:5:"cible";O:22:"AppBundle\\Entity\\Serie":16:{s:26:"\0AppBundle\\Entity\\Serie\0id";i:7;s:29:"\0AppBundle\\Entity\\Serie\0titre";s:2:"Oz";s:28:"\0AppBundle\\Entity\\Serie\0pays";s:10:"Etats-Unis";s:34:"\0AppBundle\\Entity\\Serie\0anneeDebut";O:8:"DateTime":3:{s:4:"date";s:26:"2011-05-05 00:00:00.000000";s:13:"timezone_type";i:3;s:8:"timezone";s:3:"UTC";}s:30:"\0AppBundle\\Entity\\Serie\0status";s:9:"Arrêtée";s:29:"\0AppBundle\\Entity\\Serie\0notes";a:0:{}s:33:"\0AppBundle\\Entity\\Serie\0noteSerie";i:0;s:32:"\0AppBundle\\Entity\\Serie\0synopsis";s:161:"À Emerald City, un quartier expérimental de la prison d''Oswald, où divers détenus réunis en divers clans sont en semi liberté à l''intérieur du bâtiment.";s:31:"\0AppBundle\\Entity\\Serie\0abonnes";N;s:29:"\0AppBundle\\Entity\\Serie\0roles";N;s:35:"\0AppBundle\\Entity\\Serie\0realisateur";O:28:"AppBundle\\Entity\\Realisateur":3:{s:32:"\0AppBundle\\Entity\\Realisateur\0id";i:7;s:33:"\0AppBundle\\Entity\\Realisateur\0nom";s:14:"Darnell Martin";s:36:"\0AppBundle\\Entity\\Realisateur\0series";O:33:"Doctrine\\ORM\\PersistentCollection":2:{s:39:"\0Doctrine\\ORM\\PersistentCollection\0coll";O:43:"Doctrine\\Common\\Collections\\ArrayCollection":1:{s:53:"\0Doctrine\\Common\\Collections\\ArrayCollection\0elements";a:1:{i:0;r:72;}}s:46:"\0Doctrine\\ORM\\PersistentCollection\0initialized";b:0;}}s:31:"\0AppBundle\\Entity\\Serie\0saisons";O:33:"Doctrine\\ORM\\PersistentCollection":2:{s:39:"\0Doctrine\\ORM\\PersistentCollection\0coll";O:43:"Doctrine\\Common\\Collections\\ArrayCollection":1:{s:53:"\0Doctrine\\Common\\Collections\\ArrayCollection\0elements";a:1:{i:0;O:23:"AppBundle\\Entity\\Saison":4:{s:27:"\0AppBundle\\Entity\\Saison\0id";i:7;s:37:"\0AppBundle\\Entity\\Saison\0denomination";s:8:"Saison 1";s:30:"\0AppBundle\\Entity\\Saison\0serie";r:72;s:33:"\0AppBundle\\Entity\\Saison\0episodes";O:33:"Doctrine\\ORM\\PersistentCollection":2:{s:39:"\0Doctrine\\ORM\\PersistentCollection\0coll";O:43:"Doctrine\\Common\\Collections\\ArrayCollection":1:{s:53:"\0Doctrine\\Common\\Collections\\ArrayCollection\0elements";a:1:{i:0;O:24:"AppBundle\\Entity\\Episode":9:{s:28:"\0AppBundle\\Entity\\Episode\0id";i:11;s:31:"\0AppBundle\\Entity\\Episode\0titre";s:9:"Episode 1";s:31:"\0AppBundle\\Entity\\Episode\0duree";N;s:32:"\0AppBundle\\Entity\\Episode\0resume";N;s:36:"\0AppBundle\\Entity\\Episode\0diffusions";N;s:32:"\0AppBundle\\Entity\\Episode\0saison";r:97;s:43:"\0AppBundle\\Entity\\Episode\0auteurProposition";C:28:"AppBundle\\Entity\\Utilisateur":273:{a:13:{i:0;s:60:"$2y$13$8tkf3m2c0tgkkkcwc8w88e4yNtYREKOY5b5jyUsmJIETRHUx7PdRq";i:1;s:31:"8tkf3m2c0tgkkkcwc8w88gwg4sgggw0";i:2;s:8:"vandamme";i:3;s:8:"vandamme";i:4;b:0;i:5;b:0;i:6;b:0;i:7;b:1;i:8;i:5;i:9;N;i:10;N;i:11;s:17:"vandamme@yahoo.fr";i:12;s:17:"vandamme@yahoo.fr";}}s:33:"\0AppBundle\\Entity\\Episode\0viewers";N;s:32:"\0AppBundle\\Entity\\Episode\0valide";b:0;}}}s:46:"\0Doctrine\\ORM\\PersistentCollection\0initialized";b:1;}}}}s:46:"\0Doctrine\\ORM\\PersistentCollection\0initialized";b:1;}s:33:"\0AppBundle\\Entity\\Serie\0critiques";N;s:41:"\0AppBundle\\Entity\\Serie\0auteurProposition";r:111;s:27:"\0AppBundle\\Entity\\Serie\0url";s:49:"http://i80.servimg.com/u/f80/11/00/17/30/oz10.jpg";s:30:"\0AppBundle\\Entity\\Serie\0valide";b:0;}s:4:"date";O:8:"DateTime":3:{s:4:"date";s:26:"2016-09-22 21:37:50.000000";s:13:"timezone_type";i:3;s:8:"timezone";s:3:"UTC";}}i:2;a:3:{s:4:"type";s:10:"visionnage";s:5:"cible";r:104;s:4:"date";O:8:"DateTime":3:{s:4:"date";s:26:"2016-09-22 21:37:50.000000";s:13:"timezone_type";i:3;s:8:"timezone";s:3:"UTC";}}i:3;a:3:{s:4:"type";s:7:"episode";s:5:"cible";r:104;s:4:"date";O:8:"DateTime":3:{s:4:"date";s:26:"2016-09-22 21:37:50.000000";s:13:"timezone_type";i:3;s:8:"timezone";s:3:"UTC";}}i:4;a:3:{s:4:"type";s:10:"abonnement";s:5:"cible";O:22:"AppBundle\\Entity\\Serie":16:{s:26:"\0AppBundle\\Entity\\Serie\0id";i:1;s:29:"\0AppBundle\\Entity\\Serie\0titre";s:15:"Game of Thrones";s:28:"\0AppBundle\\Entity\\Serie\0pays";s:10:"Etats-Unis";s:34:"\0AppBundle\\Entity\\Serie\0anneeDebut";O:8:"DateTime":3:{s:4:"date";s:26:"2011-01-01 00:00:00.000000";s:13:"timezone_type";i:3;s:8:"timezone";s:3:"UTC";}s:30:"\0AppBundle\\Entity\\Serie\0status";s:8:"En cours";s:29:"\0AppBundle\\Entity\\Serie\0notes";a:3:{i:0;s:1:"5";i:1;s:1:"3";i:2;s:1:"0";}s:33:"\0AppBundle\\Entity\\Serie\0noteSerie";i:2;s:32:"\0AppBundle\\Entity\\Serie\0synopsis";s:125:"La série suit l’histoire des membres de plusieurs familles nobles, dans une guerre civile pour conquérir le Trône de Fer";s:31:"\0AppBundle\\Entity\\Serie\0abonnes";O:33:"Doctrine\\ORM\\PersistentCollection":2:{s:39:"\0Doctrine\\ORM\\PersistentCollection\0coll";O:43:"Doctrine\\Common\\Collections\\ArrayCollection":1:{s:53:"\0Doctrine\\Common\\Collections\\ArrayCollection\0elements";a:1:{i:0;C:28:"AppBundle\\Entity\\Utilisateur":273:{a:13:{i:0;s:60:"$2y$13$8tkf3m2c0tgkkkcwc8w88e4yNtYREKOY5b5jyUsmJIETRHUx7PdRq";i:1;s:31:"8tkf3m2c0tgkkkcwc8w88gwg4sgggw0";i:2;s:8:"vandamme";i:3;s:8:"vandamme";i:4;b:0;i:5;b:0;i:6;b:0;i:7;b:1;i:8;i:5;i:9;N;i:10;N;i:11;s:17:"vandamme@yahoo.fr";i:12;s:17:"vandamme@yahoo.fr";}}}}s:46:"\0Doctrine\\ORM\\PersistentCollection\0initialized";b:0;}s:29:"\0AppBundle\\Entity\\Serie\0roles";O:33:"Doctrine\\ORM\\PersistentCollection":2:{s:39:"\0Doctrine\\ORM\\PersistentCollection\0coll";O:43:"Doctrine\\Common\\Collections\\ArrayCollection":1:{s:53:"\0Doctrine\\Common\\Collections\\ArrayCollection\0elements";a:0:{}}s:46:"\0Doctrine\\ORM\\PersistentCollection\0initialized";b:0;}s:35:"\0AppBundle\\Entity\\Serie\0realisateur";O:43:"Proxies\\__CG__\\AppBundle\\Entity\\Realisateur":4:{s:17:"__isInitialized__";b:0;s:32:"\0AppBundle\\Entity\\Realisateur\0id";i:1;s:33:"\0AppBundle\\Entity\\Realisateur\0nom";N;s:36:"\0AppBundle\\Entity\\Realisateur\0series";N;}s:31:"\0AppBundle\\Entity\\Serie\0saisons";O:33:"Doctrine\\ORM\\PersistentCollection":2:{s:39:"\0Doctrine\\ORM\\PersistentCollection\0coll";O:43:"Doctrine\\Common\\Collections\\ArrayCollection":1:{s:53:"\0Doctrine\\Common\\Collections\\ArrayCollection\0elements";a:0:{}}s:46:"\0Doctrine\\ORM\\PersistentCollection\0initialized";b:0;}s:33:"\0AppBundle\\Entity\\Serie\0critiques";O:33:"Doctrine\\ORM\\PersistentCollection":2:{s:39:"\0Doctrine\\ORM\\PersistentCollection\0coll";O:43:"Doctrine\\Common\\Collections\\ArrayCollection":1:{s:53:"\0Doctrine\\Common\\Collections\\ArrayCollection\0elements";a:0:{}}s:46:"\0Doctrine\\ORM\\PersistentCollection\0initialized";b:0;}s:41:"\0AppBundle\\Entity\\Serie\0auteurProposition";C:43:"Proxies\\__CG__\\AppBundle\\Entity\\Utilisateur":277:{a:13:{i:0;s:60:"$2y$13$a0z9lk7wnzks0gwkcgo8surmhYOFUHeCb5k9jbH/Ezvk4S9Cx5Q1.";i:1;s:31:"a0z9lk7wnzks0gwkcgo8s8o4oc48so4";i:2;s:6:"alesha";i:3;s:6:"alesha";i:4;b:0;i:5;b:0;i:6;b:0;i:7;b:1;i:8;i:1;i:9;N;i:10;N;i:11;s:21:"alesha.dixon@yahoo.fr";i:12;s:21:"alesha.dixon@yahoo.fr";}}s:27:"\0AppBundle\\Entity\\Serie\0url";s:120:"http://www.wallpapermade.com/images/wallpapers/originals/game-of-thrones-ned-stark-on-the-iron-throne-wallpaper-3826.jpg";s:30:"\0AppBundle\\Entity\\Serie\0valide";b:1;}s:4:"date";O:8:"DateTime":3:{s:4:"date";s:26:"2016-09-22 21:22:38.000000";s:13:"timezone_type";i:3;s:8:"timezone";s:3:"UTC";}}i:5;a:3:{s:4:"type";s:8:"critique";s:5:"cible";O:25:"AppBundle\\Entity\\Critique":7:{s:29:"\0AppBundle\\Entity\\Critique\0id";i:10;s:34:"\0AppBundle\\Entity\\Critique\0contenu";s:119:"Une série nulle car Ned Stark est mort parce qu''il ne savait pas qu''il vivait à un moment donné depuis sa naissance.";s:32:"\0AppBundle\\Entity\\Critique\0serie";O:22:"AppBundle\\Entity\\Serie":16:{s:26:"\0AppBundle\\Entity\\Serie\0id";i:1;s:29:"\0AppBundle\\Entity\\Serie\0titre";s:15:"Game of Thrones";s:28:"\0AppBundle\\Entity\\Serie\0pays";s:10:"Etats-Unis";s:34:"\0AppBundle\\Entity\\Serie\0anneeDebut";O:8:"DateTime":3:{s:4:"date";s:26:"2011-01-01 00:00:00.000000";s:13:"timezone_type";i:3;s:8:"timezone";s:3:"UTC";}s:30:"\0AppBundle\\Entity\\Serie\0status";s:8:"En cours";s:29:"\0AppBundle\\Entity\\Serie\0notes";a:2:{i:0;s:1:"5";i:1;s:1:"3";}s:33:"\0AppBundle\\Entity\\Serie\0noteSerie";i:4;s:32:"\0AppBundle\\Entity\\Serie\0synopsis";s:125:"La série suit l’histoire des membres de plusieurs familles nobles, dans une guerre civile pour conquérir le Trône de Fer";s:31:"\0AppBundle\\Entity\\Serie\0abonnes";O:33:"Doctrine\\ORM\\PersistentCollection":2:{s:39:"\0Doctrine\\ORM\\PersistentCollection\0coll";O:43:"Doctrine\\Common\\Collections\\ArrayCollection":1:{s:53:"\0Doctrine\\Common\\Collections\\ArrayCollection\0elements";a:0:{}}s:46:"\0Doctrine\\ORM\\PersistentCollection\0initialized";b:0;}s:29:"\0AppBundle\\Entity\\Serie\0roles";O:33:"Doctrine\\ORM\\PersistentCollection":2:{s:39:"\0Doctrine\\ORM\\PersistentCollection\0coll";O:43:"Doctrine\\Common\\Collections\\ArrayCollection":1:{s:53:"\0Doctrine\\Common\\Collections\\ArrayCollection\0elements";a:0:{}}s:46:"\0Doctrine\\ORM\\PersistentCollection\0initialized";b:0;}s:35:"\0AppBundle\\Entity\\Serie\0realisateur";O:43:"Proxies\\__CG__\\AppBundle\\Entity\\Realisateur":4:{s:17:"__isInitialized__";b:0;s:32:"\0AppBundle\\Entity\\Realisateur\0id";i:1;s:33:"\0AppBundle\\Entity\\Realisateur\0nom";N;s:36:"\0AppBundle\\Entity\\Realisateur\0series";N;}s:31:"\0AppBundle\\Entity\\Serie\0saisons";O:33:"Doctrine\\ORM\\PersistentCollection":2:{s:39:"\0Doctrine\\ORM\\PersistentCollection\0coll";O:43:"Doctrine\\Common\\Collections\\ArrayCollection":1:{s:53:"\0Doctrine\\Common\\Collections\\ArrayCollection\0elements";a:0:{}}s:46:"\0Doctrine\\ORM\\PersistentCollection\0initialized";b:0;}s:33:"\0AppBundle\\Entity\\Serie\0critiques";O:33:"Doctrine\\ORM\\PersistentCollection":2:{s:39:"\0Doctrine\\ORM\\PersistentCollection\0coll";O:43:"Doctrine\\Common\\Collections\\ArrayCollection":1:{s:53:"\0Doctrine\\Common\\Collections\\ArrayCollection\0elements";a:1:{i:0;r:228;}}s:46:"\0Doctrine\\ORM\\PersistentCollection\0initialized";b:0;}s:41:"\0AppBundle\\Entity\\Serie\0auteurProposition";C:43:"Proxies\\__CG__\\AppBundle\\Entity\\Utilisateur":277:{a:13:{i:0;s:60:"$2y$13$a0z9lk7wnzks0gwkcgo8surmhYOFUHeCb5k9jbH/Ezvk4S9Cx5Q1.";i:1;s:31:"a0z9lk7wnzks0gwkcgo8s8o4oc48so4";i:2;s:6:"alesha";i:3;s:6:"alesha";i:4;b:0;i:5;b:0;i:6;b:0;i:7;b:1;i:8;i:1;i:9;N;i:10;N;i:11;s:21:"alesha.dixon@yahoo.fr";i:12;s:21:"alesha.dixon@yahoo.fr";}}s:27:"\0AppBundle\\Entity\\Serie\0url";s:120:"http://www.wallpapermade.com/images/wallpapers/originals/game-of-thrones-ned-stark-on-the-iron-throne-wallpaper-3826.jpg";s:30:"\0AppBundle\\Entity\\Serie\0valide";b:1;}s:33:"\0AppBundle\\Entity\\Critique\0auteur";C:28:"AppBundle\\Entity\\Utilisateur":273:{a:13:{i:0;s:60:"$2y$13$8tkf3m2c0tgkkkcwc8w88e4yNtYREKOY5b5jyUsmJIETRHUx7PdRq";i:1;s:31:"8tkf3m2c0tgkkkcwc8w88gwg4sgggw0";i:2;s:8:"vandamme";i:3;s:8:"vandamme";i:4;b:0;i:5;b:0;i:6;b:0;i:7;b:1;i:8;i:5;i:9;N;i:10;N;i:11;s:17:"vandamme@yahoo.fr";i:12;s:17:"vandamme@yahoo.fr";}}s:39:"\0AppBundle\\Entity\\Critique\0dateCritique";O:8:"DateTime":3:{s:4:"date";s:26:"2016-09-22 21:21:11.000000";s:13:"timezone_type";i:3;s:8:"timezone";s:3:"UTC";}s:31:"\0AppBundle\\Entity\\Critique\0note";d:2.5;s:34:"\0AppBundle\\Entity\\Critique\0signale";b:0;}s:4:"date";O:8:"DateTime":3:{s:4:"date";s:26:"2016-09-22 21:21:11.000000";s:13:"timezone_type";i:3;s:8:"timezone";s:3:"UTC";}}}', 'a:1:{i:0;i:1;}', 'a:2:{i:1;s:1:"0";i:7;s:1:"2";}');

-- --------------------------------------------------------

--
-- Structure de la table `utilisateur_episode`
--

DROP TABLE IF EXISTS `utilisateur_episode`;
CREATE TABLE IF NOT EXISTS `utilisateur_episode` (
  `utilisateur_id` int(11) NOT NULL,
  `episode_id` int(11) NOT NULL,
  PRIMARY KEY (`utilisateur_id`,`episode_id`),
  KEY `IDX_A7A1EB48FB88E14F` (`utilisateur_id`),
  KEY `IDX_A7A1EB48362B62A0` (`episode_id`)
) ENGINE=InnoDB DEFAULT CHARSET=utf8 COLLATE=utf8_unicode_ci;

--
-- Contenu de la table `utilisateur_episode`
--

INSERT INTO `utilisateur_episode` (`utilisateur_id`, `episode_id`) VALUES
(1, 1),
(1, 2),
(2, 3),
(2, 4),
(2, 5),
(2, 6),
(2, 7),
(2, 8),
(2, 9),
(2, 10),
(5, 11);

-- --------------------------------------------------------

--
-- Structure de la table `utilisateur_serie`
--

DROP TABLE IF EXISTS `utilisateur_serie`;
CREATE TABLE IF NOT EXISTS `utilisateur_serie` (
  `utilisateur_id` int(11) NOT NULL,
  `serie_id` int(11) NOT NULL,
  PRIMARY KEY (`utilisateur_id`,`serie_id`),
  KEY `IDX_6CFFCBEAFB88E14F` (`utilisateur_id`),
  KEY `IDX_6CFFCBEAD94388BD` (`serie_id`)
) ENGINE=InnoDB DEFAULT CHARSET=utf8 COLLATE=utf8_unicode_ci;

--
-- Contenu de la table `utilisateur_serie`
--

INSERT INTO `utilisateur_serie` (`utilisateur_id`, `serie_id`) VALUES
(1, 4),
(2, 1),
(2, 2),
(4, 3),
(4, 7),
(4, 8),
(5, 1);

--
-- Contraintes pour les tables exportées
--

--
-- Contraintes pour la table `acteur`
--
ALTER TABLE `acteur`
  ADD CONSTRAINT `FK_EAFAD3625E7250B` FOREIGN KEY (`auteur_proposition_id`) REFERENCES `utilisateur` (`id`);

--
-- Contraintes pour la table `critique`
--
ALTER TABLE `critique`
  ADD CONSTRAINT `FK_1F95032460BB6FE6` FOREIGN KEY (`auteur_id`) REFERENCES `utilisateur` (`id`),
  ADD CONSTRAINT `FK_1F950324D94388BD` FOREIGN KEY (`serie_id`) REFERENCES `serie` (`id`);

--
-- Contraintes pour la table `episode`
--
ALTER TABLE `episode`
  ADD CONSTRAINT `FK_DDAA1CDA5E7250B` FOREIGN KEY (`auteur_proposition_id`) REFERENCES `utilisateur` (`id`),
  ADD CONSTRAINT `FK_DDAA1CDAF965414C` FOREIGN KEY (`saison_id`) REFERENCES `saison` (`id`);

--
-- Contraintes pour la table `role`
--
ALTER TABLE `role`
  ADD CONSTRAINT `FK_57698A6AD94388BD` FOREIGN KEY (`serie_id`) REFERENCES `serie` (`id`),
  ADD CONSTRAINT `FK_57698A6ADA6F574A` FOREIGN KEY (`acteur_id`) REFERENCES `acteur` (`id`);

--
-- Contraintes pour la table `saison`
--
ALTER TABLE `saison`
  ADD CONSTRAINT `FK_C0D0D586D94388BD` FOREIGN KEY (`serie_id`) REFERENCES `serie` (`id`);

--
-- Contraintes pour la table `serie`
--
ALTER TABLE `serie`
  ADD CONSTRAINT `FK_AA3A93345E7250B` FOREIGN KEY (`auteur_proposition_id`) REFERENCES `utilisateur` (`id`),
  ADD CONSTRAINT `FK_AA3A9334F1D8422E` FOREIGN KEY (`realisateur_id`) REFERENCES `realisateur` (`id`);

--
-- Contraintes pour la table `utilisateur_episode`
--
ALTER TABLE `utilisateur_episode`
  ADD CONSTRAINT `FK_A7A1EB48362B62A0` FOREIGN KEY (`episode_id`) REFERENCES `episode` (`id`) ON DELETE CASCADE,
  ADD CONSTRAINT `FK_A7A1EB48FB88E14F` FOREIGN KEY (`utilisateur_id`) REFERENCES `utilisateur` (`id`) ON DELETE CASCADE;

--
-- Contraintes pour la table `utilisateur_serie`
--
ALTER TABLE `utilisateur_serie`
  ADD CONSTRAINT `FK_6CFFCBEAD94388BD` FOREIGN KEY (`serie_id`) REFERENCES `serie` (`id`) ON DELETE CASCADE,
  ADD CONSTRAINT `FK_6CFFCBEAFB88E14F` FOREIGN KEY (`utilisateur_id`) REFERENCES `utilisateur` (`id`) ON DELETE CASCADE;

/*!40101 SET CHARACTER_SET_CLIENT=@OLD_CHARACTER_SET_CLIENT */;
/*!40101 SET CHARACTER_SET_RESULTS=@OLD_CHARACTER_SET_RESULTS */;
/*!40101 SET COLLATION_CONNECTION=@OLD_COLLATION_CONNECTION */;
